"Time","worker2","worker1"
2025-09-26 09:03:00,,1.66
2025-09-26 09:03:20,,0.812
2025-09-26 09:03:40,,0.813
2025-09-26 09:04:00,,0.687
2025-09-26 09:04:20,,0.656
2025-09-26 09:04:40,,0.781
2025-09-26 09:05:00,,0.906
2025-09-26 09:05:20,,0.719
2025-09-26 09:05:40,,0.719
2025-09-26 09:06:00,,0.719
2025-09-26 09:06:20,,0.781
2025-09-26 09:06:40,,0.688
2025-09-26 09:07:00,,0.656
2025-09-26 09:07:20,,0.625
2025-09-26 09:07:40,,0.688
2025-09-26 09:08:00,,0.938
2025-09-26 09:08:20,,0.687
2025-09-26 09:08:40,,0.719
2025-09-26 09:09:00,,0.562
2025-09-26 09:09:20,,0.750
2025-09-26 09:09:40,,0.875
2025-09-26 09:10:00,,0.531
2025-09-26 09:10:20,,0.688
2025-09-26 09:10:40,,0.781
2025-09-26 09:11:00,,0.719
2025-09-26 09:11:20,,0.625
2025-09-26 09:11:40,,0.687
2025-09-26 09:12:00,,0.625
2025-09-26 09:12:20,,0.656
2025-09-26 09:12:40,,0.688
2025-09-26 09:13:00,,0.844
2025-09-26 09:13:20,,0.625
2025-09-26 09:13:40,,0.719
2025-09-26 09:14:00,,0.719
2025-09-26 09:14:20,,0.656
2025-09-26 09:14:40,,0.688
2025-09-26 09:15:00,,0.844
2025-09-26 09:15:20,,0.625
2025-09-26 09:15:40,,0.625
2025-09-26 09:16:00,,1.000
2025-09-26 09:16:20,,0.750
2025-09-26 09:16:40,,0.875
2025-09-26 09:17:00,,1.00
2025-09-26 09:17:20,,0.875
2025-09-26 09:17:40,,0.875
2025-09-26 09:18:00,,0.938
2025-09-26 09:18:20,,0.844
2025-09-26 09:18:40,,0.781
2025-09-26 09:19:00,,0.781
2025-09-26 09:19:20,,0.781
2025-09-26 09:19:40,,1.03
2025-09-26 09:20:00,,0.781
2025-09-26 09:20:20,,0.969
2025-09-26 09:20:40,,0.938
2025-09-26 09:21:00,,0.750
2025-09-26 09:21:20,,0.875
2025-09-26 09:21:40,,0.937
2025-09-26 09:22:00,,0.688
2025-09-26 09:22:20,,0.719
2025-09-26 09:22:40,,0.844
2025-09-26 09:23:00,,0.719
2025-09-26 09:23:20,,0.844
2025-09-26 09:23:40,,0.906
2025-09-26 09:24:00,,0.656
2025-09-26 09:24:20,,0.750
2025-09-26 09:24:40,,0.969
2025-09-26 09:25:00,,0.687
2025-09-26 09:25:20,,0.750
2025-09-26 09:25:40,,0.938
2025-09-26 09:26:00,,0.750
2025-09-26 09:26:20,,0.656
2025-09-26 09:26:40,,0.906
2025-09-26 09:27:00,,0.844
2025-09-26 09:27:20,,0.687
2025-09-26 09:27:40,,0.938
2025-09-26 09:28:00,,0.719
2025-09-26 09:28:20,,0.812
2025-09-26 09:28:40,,0.844
2025-09-26 09:29:00,,0.781
2025-09-26 09:29:20,,0.844
2025-09-26 09:29:40,,1.09
2025-09-26 09:30:00,,0.937
2025-09-26 09:30:20,,0.781
2025-09-26 09:30:40,,0.906
2025-09-26 09:31:00,,0.750
2025-09-26 09:31:20,,0.719
2025-09-26 09:31:40,,0.906
2025-09-26 09:32:00,,0.844
2025-09-26 09:32:20,,0.781
2025-09-26 09:32:40,,0.906
2025-09-26 09:33:00,,0.781
2025-09-26 09:33:20,,0.938
2025-09-26 09:33:40,,0.719
2025-09-26 09:34:00,,0.812
2025-09-26 09:34:20,,0.844
2025-09-26 09:34:40,,0.781
2025-09-26 09:35:00,,0.844
2025-09-26 09:35:20,,0.969
2025-09-26 09:35:40,,0.844
2025-09-26 09:36:00,,0.938
2025-09-26 09:36:20,,0.687
2025-09-26 09:36:40,,0.781
2025-09-26 09:37:00,,0.906
2025-09-26 09:37:20,,0.844
2025-09-26 09:37:40,,0.844
2025-09-26 09:38:00,,0.750
2025-09-26 09:38:20,,0.906
2025-09-26 09:38:40,,0.844
2025-09-26 09:39:00,,0.813
2025-09-26 09:39:20,,0.812
2025-09-26 09:39:40,,0.969
2025-09-26 09:40:00,,0.781
2025-09-26 09:40:20,,0.812
2025-09-26 09:40:40,,1.09
2025-09-26 09:41:00,,0.844
2025-09-26 09:41:20,,0.906
2025-09-26 09:41:40,,0.906
2025-09-26 09:42:00,,0.781
2025-09-26 09:42:20,,0.812
2025-09-26 09:42:40,,1.03
2025-09-26 09:43:00,,0.969
2025-09-26 09:43:20,,0.938
2025-09-26 09:43:40,,1.19
2025-09-26 09:44:00,,0.937
2025-09-26 09:44:20,,0.750
2025-09-26 09:44:40,,0.937
2025-09-26 09:45:00,,0.719
2025-09-26 09:45:20,,0.687
2025-09-26 09:45:40,,0.844
2025-09-26 09:46:00,,0.750
2025-09-26 09:46:20,,0.625
2025-09-26 09:46:40,,0.875
2025-09-26 09:47:00,,0.812
2025-09-26 09:47:20,,0.656
2025-09-26 09:47:40,,0.750
2025-09-26 09:48:00,,0.719
2025-09-26 09:48:20,,0.750
2025-09-26 09:48:40,,0.844
2025-09-26 09:49:00,,0.687
2025-09-26 09:49:20,,0.656
2025-09-26 09:49:40,,1.000
2025-09-26 09:50:00,,0.656
2025-09-26 09:50:20,,0.844
2025-09-26 09:50:40,,0.750
2025-09-26 09:51:00,,0.625
2025-09-26 09:51:20,,0.906
2025-09-26 09:54:40,,0.938
2025-09-26 09:55:00,,0.875
2025-09-26 09:55:20,,0.562
2025-09-26 09:55:40,,0.781
2025-09-26 09:56:00,,0.656
2025-09-26 09:56:20,,0.688
2025-09-26 09:56:40,,0.750
2025-09-26 09:57:00,,0.719
2025-09-26 09:57:20,,0.656
2025-09-26 09:57:40,,0.812
2025-09-26 09:58:00,,0.563
2025-09-26 09:58:20,,0.844
2025-09-26 09:58:40,,0.813
2025-09-26 09:59:00,,0.594
2025-09-26 09:59:20,,0.656
2025-09-26 09:59:40,,1.000
2025-09-26 10:00:00,,0.625
2025-09-26 10:00:20,,0.625
2025-09-26 10:00:40,,0.969
2025-09-26 10:01:00,,0.750
2025-09-26 10:01:20,,0.625
2025-09-26 10:01:40,,0.875
2025-09-26 10:02:00,,0.719
2025-09-26 10:02:20,,0.625
2025-09-26 10:02:40,,1.00
2025-09-26 10:03:00,,0.781
2025-09-26 10:03:20,,0.625
2025-09-26 10:03:40,,0.719
2025-09-26 10:04:00,,0.750
2025-09-26 10:04:20,,0.688
2025-09-26 10:04:40,,0.750
2025-09-26 10:05:00,,0.688
2025-09-26 10:05:20,,0.719
2025-09-26 10:05:40,,0.719
2025-09-26 10:06:00,,0.625
2025-09-26 10:06:20,,0.719
2025-09-26 10:06:40,,0.844
2025-09-26 10:07:00,,0.875
2025-09-26 10:07:20,,0.844
2025-09-26 10:07:40,,0.937
2025-09-26 10:08:00,,0.625
2025-09-26 10:08:20,,0.625
2025-09-26 10:08:40,,0.750
2025-09-26 10:09:00,,0.531
2025-09-26 10:09:20,,0.594
2025-09-26 10:09:40,,0.687
2025-09-26 10:10:00,,0.719
2025-09-26 10:10:20,,0.750
2025-09-26 10:10:40,,0.813
2025-09-26 10:11:00,,0.625
2025-09-26 10:11:20,,0.582
2025-09-26 10:11:40,,0.625
2025-09-26 10:12:00,,0.781
2025-09-26 10:12:20,,0.625
2025-09-26 10:12:40,,0.687
2025-09-26 10:13:00,,1.03
2025-09-26 10:13:20,,0.625
2025-09-26 10:13:40,,0.688
2025-09-26 10:14:00,,0.844
2025-09-26 10:14:20,,0.813
2025-09-26 10:14:40,,0.750
2025-09-26 10:15:00,,0.906
2025-09-26 10:15:20,,0.688
2025-09-26 10:15:40,,0.857
2025-09-26 10:16:00,,0.687
2025-09-26 10:16:20,,0.563
2025-09-26 10:16:40,,0.844
2025-09-26 10:17:00,,0.750
2025-09-26 10:17:20,,0.625
2025-09-26 10:17:40,,0.750
2025-09-26 10:18:00,,0.844
2025-09-26 10:18:20,,0.656
2025-09-26 10:18:40,,0.781
2025-09-26 10:19:00,,0.719
2025-09-26 10:19:20,,0.750
2025-09-26 10:19:40,,0.750
2025-09-26 10:20:00,,0.656
2025-09-26 10:20:20,,0.688
2025-09-26 10:20:40,,0.656
2025-09-26 10:21:00,,0.813
2025-09-26 10:21:20,,0.625
2025-09-26 10:21:40,,0.875
2025-09-26 10:22:00,,0.656
2025-09-26 10:22:20,,0.719
2025-09-26 10:22:40,,0.688
2025-09-26 10:23:00,,0.781
2025-09-26 10:23:20,,0.656
2025-09-26 10:23:40,,0.625
2025-09-26 10:24:00,,0.656
2025-09-26 10:24:20,,0.719
2025-09-26 10:24:40,,0.625
2025-09-26 10:25:00,,0.844
2025-09-26 10:25:20,,0.781
2025-09-26 10:25:40,,0.750
2025-09-26 10:26:00,,0.906
2025-09-26 10:26:20,,0.594
2025-09-26 10:26:40,,0.625
2025-09-26 10:27:00,,0.750
2025-09-26 10:27:20,,0.563
2025-09-26 10:27:40,,0.750
2025-09-26 10:28:00,,0.750
2025-09-26 10:28:20,,0.625
2025-09-26 10:28:40,,0.656
2025-09-26 10:29:00,,0.688
2025-09-26 10:29:20,,0.656
2025-09-26 10:29:40,,1.03
2025-09-26 10:30:00,,0.844
2025-09-26 10:30:20,,0.844
2025-09-26 10:30:40,,0.969
2025-09-26 10:31:00,,0.844
2025-09-26 10:31:20,,0.906
2025-09-26 10:31:40,,0.781
2025-09-26 10:32:00,,0.969
2025-09-26 10:32:20,,0.781
2025-09-26 10:32:40,,0.844
2025-09-26 10:33:00,,0.844
2025-09-26 10:33:20,,0.937
2025-09-26 10:33:40,,0.750
2025-09-26 10:34:00,,1.03
2025-09-26 10:34:20,,0.812
2025-09-26 10:34:40,,1.03
2025-09-26 10:35:00,,0.812
2025-09-26 10:35:20,,0.969
2025-09-26 10:35:40,,0.844
2025-09-26 10:36:00,,0.906
2025-09-26 10:36:20,,0.781
2025-09-26 10:36:40,,0.656
2025-09-26 10:37:00,,0.812
2025-09-26 10:37:20,,0.781
2025-09-26 10:37:40,,0.844
2025-09-26 10:38:00,,0.688
2025-09-26 10:38:20,,0.906
2025-09-26 10:38:40,,0.875
2025-09-26 10:39:00,,0.812
2025-09-26 10:39:20,,0.875
2025-09-26 10:39:40,,0.781
2025-09-26 10:40:00,,0.719
2025-09-26 10:40:20,,0.781
2025-09-26 10:40:40,,0.687
2025-09-26 10:41:00,,0.781
2025-09-26 10:41:20,,0.656
2025-09-26 10:41:40,,0.781
2025-09-26 10:42:00,,0.687
2025-09-26 10:42:20,,0.781
2025-09-26 10:42:40,,1.03
2025-09-26 10:43:00,,0.781
2025-09-26 10:43:20,,0.813
2025-09-26 10:43:40,,0.906
2025-09-26 10:44:00,,0.750
2025-09-26 10:44:20,,0.781
2025-09-26 10:44:40,,0.781
2025-09-26 10:45:00,,0.781
2025-09-26 10:45:20,,0.719
2025-09-26 10:45:40,,1.06
2025-09-26 10:46:00,,0.906
2025-09-26 10:46:20,,0.875
2025-09-26 10:46:40,,0.844
2025-09-26 10:47:00,,1.16
2025-09-26 10:47:20,,0.594
2025-09-26 10:47:40,,0.844
2025-09-26 10:48:00,,1.66
2025-09-26 10:48:20,,0.719
2025-09-26 10:48:40,,0.875
2025-09-26 10:49:00,1.03,0.906
2025-09-26 10:49:20,0.812,0.750
2025-09-26 10:49:40,1.78,0.844
2025-09-26 10:50:00,0.969,0.656
2025-09-26 10:50:20,0.813,0.656
2025-09-26 10:50:40,1.16,0.812
2025-09-26 10:51:00,0.719,0.938
2025-09-26 10:51:20,1.00,0.875
2025-09-26 10:51:40,1.000,0.969
2025-09-26 10:52:00,0.719,0.750
2025-09-26 10:52:20,0.687,0.781
2025-09-26 10:52:40,1.16,0.875
2025-09-26 10:53:00,0.812,0.781
2025-09-26 10:53:20,0.719,0.769
2025-09-26 10:53:40,1.66,1.09
2025-09-26 10:54:00,0.844,0.844
2025-09-26 10:54:20,6.47,1.06
2025-09-26 10:54:40,1.28,0.812
2025-09-26 10:55:00,0.656,0.750
2025-09-26 10:55:20,0.781,0.750
2025-09-26 10:55:40,1.09,0.813
2025-09-26 10:56:00,0.750,1.03
2025-09-26 10:56:20,0.812,0.719
2025-09-26 10:56:40,1.09,0.925
2025-09-26 10:57:00,0.656,0.719
2025-09-26 10:57:20,0.906,0.906
2025-09-26 10:57:40,0.937,0.688
2025-09-26 10:58:00,0.719,0.625
2025-09-26 10:58:20,0.813,0.781
2025-09-26 10:58:40,1.13,0.688
2025-09-26 10:59:00,1.03,0.937
2025-09-26 10:59:20,0.844,0.781
2025-09-26 10:59:40,1.000,0.906
2025-09-26 11:00:00,0.750,0.750
2025-09-26 11:00:20,0.750,0.687
2025-09-26 11:00:40,1.03,0.719
2025-09-26 11:01:00,0.938,0.750
2025-09-26 11:01:20,0.750,0.594
2025-09-26 11:01:40,0.906,0.750
2025-09-26 11:02:00,1.13,0.656
2025-09-26 11:02:20,0.750,0.719
2025-09-26 11:02:40,1.34,0.875
2025-09-26 11:03:00,0.875,0.688
2025-09-26 11:03:20,0.750,0.875
2025-09-26 11:03:40,0.969,0.812
2025-09-26 11:04:00,0.656,0.656
2025-09-26 11:04:20,2.09,1.78
2025-09-26 11:04:40,1.41,0.750
2025-09-26 11:05:00,2.97,1.25
2025-09-26 11:05:20,1.03,1.00
2025-09-26 11:05:40,1.50,0.688
2025-09-26 11:06:00,0.781,0.656
2025-09-26 11:06:20,0.781,0.656
2025-09-26 11:06:40,1.03,0.812
2025-09-26 11:07:00,0.688,0.750
2025-09-26 11:07:20,0.719,0.688
2025-09-26 11:07:40,1.03,0.719
2025-09-26 11:08:00,0.656,0.781
2025-09-26 11:08:20,0.844,0.656
2025-09-26 11:08:40,1.09,0.687
2025-09-26 11:09:00,0.719,0.719
2025-09-26 11:09:20,1.06,0.719
2025-09-26 11:09:40,1.12,0.719
2025-09-26 11:10:00,0.625,0.875
2025-09-26 11:10:20,0.813,0.719
2025-09-26 11:10:40,1.00,0.906
2025-09-26 11:11:00,0.781,0.656
2025-09-26 11:11:20,0.719,0.719
2025-09-26 11:11:40,1.22,0.750
2025-09-26 11:12:00,0.719,0.688
2025-09-26 11:12:20,0.719,0.594
2025-09-26 11:12:40,1.03,0.844
2025-09-26 11:13:00,0.844,0.688
2025-09-26 11:13:20,0.625,0.719
2025-09-26 11:13:40,0.906,0.906
2025-09-26 11:14:00,0.813,0.844
2025-09-26 11:14:20,0.813,0.781
2025-09-26 11:14:40,1.03,0.812
2025-09-26 11:15:00,0.812,0.719
2025-09-26 11:15:20,0.813,0.719
2025-09-26 11:15:40,1.22,0.938
2025-09-26 11:16:00,1.000,0.656
2025-09-26 11:16:20,0.719,0.656
2025-09-26 11:16:40,1.000,0.781
2025-09-26 11:17:00,0.781,0.875
2025-09-26 11:17:20,0.688,0.625
2025-09-26 11:17:40,1.09,0.781
2025-09-26 11:18:00,0.687,0.844
2025-09-26 11:18:20,0.688,0.781
2025-09-26 11:18:40,0.969,0.656
2025-09-26 11:19:00,0.906,0.688
2025-09-26 11:19:20,0.906,0.656
2025-09-26 11:19:40,1.00,0.750
2025-09-26 11:20:00,0.969,0.781
2025-09-26 11:20:20,0.875,0.750
2025-09-26 11:20:40,1.13,0.719
2025-09-26 11:21:00,1.31,1.38
2025-09-26 11:21:20,0.750,0.719
2025-09-26 11:21:40,1.25,1.16
2025-09-26 11:22:00,0.688,0.688
2025-09-26 11:22:20,0.625,0.844
2025-09-26 11:22:40,1.41,0.938
2025-09-26 11:23:00,0.781,0.656
2025-09-26 11:23:20,0.688,0.656
2025-09-26 11:23:40,0.937,0.594
2025-09-26 11:24:00,0.719,0.656
2025-09-26 11:24:20,0.781,0.719
2025-09-26 11:24:40,0.969,0.719
2025-09-26 11:25:00,0.625,0.781
2025-09-26 11:25:20,0.719,0.906
2025-09-26 11:25:40,0.969,0.844
2025-09-26 11:26:00,0.812,0.531
2025-09-26 11:26:20,0.719,0.594
2025-09-26 11:26:40,1.00,0.688
2025-09-26 11:27:00,1.06,1.09
2025-09-26 11:27:20,1.00,0.750
2025-09-26 11:27:40,7.03,1.47
2025-09-26 11:28:00,0.906,0.750
2025-09-26 11:28:20,0.750,0.813
2025-09-26 11:28:40,1.00,0.656
2025-09-26 11:29:00,0.750,0.687
2025-09-26 11:29:20,0.906,0.656
2025-09-26 11:29:40,1.03,1.03
2025-09-26 11:30:00,0.625,0.656
2025-09-26 11:30:20,0.906,0.656
2025-09-26 11:30:40,1.06,0.781
2025-09-26 11:31:00,1.06,1.09
2025-09-26 11:31:20,0.781,0.625
2025-09-26 11:31:40,1.25,0.719
2025-09-26 11:32:00,0.719,1.03
2025-09-26 11:32:20,0.812,0.563
2025-09-26 11:32:40,41.8,44.2
2025-09-26 11:33:00,59.1,0.594
2025-09-26 11:33:20,0.750,0.656
2025-09-26 11:33:40,1.31,0.750
2025-09-26 11:34:00,6.97,1.72
2025-09-26 11:34:20,0.938,16.9
2025-09-26 11:34:40,1.09,0.750
2025-09-26 11:35:00,0.875,0.906
2025-09-26 11:35:20,0.750,0.719
2025-09-26 11:35:40,1.03,0.625
2025-09-26 11:36:00,0.969,0.781
2025-09-26 11:36:20,0.875,0.812
2025-09-26 11:36:40,1.22,0.781
2025-09-26 11:37:00,0.844,0.656
2025-09-26 11:37:20,0.750,0.625
2025-09-26 11:37:40,1.41,0.781
2025-09-26 11:38:00,1.75,1.47
2025-09-26 11:38:20,19.8,1.44
2025-09-26 11:38:40,1.69,1.19
2025-09-26 11:39:00,0.812,0.781
2025-09-26 11:39:20,0.844,0.562
2025-09-26 11:39:40,1.06,0.688
2025-09-26 11:40:00,0.781,0.750
2025-09-26 11:40:20,0.875,0.594
2025-09-26 11:40:40,1.03,0.844
2025-09-26 11:41:00,0.812,0.844
2025-09-26 11:41:20,0.906,0.656
2025-09-26 11:41:40,1.06,0.875
2025-09-26 11:42:00,0.812,0.844
2025-09-26 11:42:20,0.812,0.812
2025-09-26 11:42:40,1.19,0.906
2025-09-26 11:43:00,1.13,0.844
2025-09-26 11:43:20,0.750,0.844
2025-09-26 11:43:40,1.06,0.656
2025-09-26 11:44:00,1.06,0.969
2025-09-26 11:44:20,0.906,0.719
2025-09-26 11:44:40,1.01,0.969
2025-09-26 11:45:00,0.906,0.750
2025-09-26 11:45:20,0.844,1.03
2025-09-26 11:45:40,1.06,0.750
2025-09-26 11:46:00,1.09,0.719
2025-09-26 11:46:20,0.781,0.875
2025-09-26 11:46:40,1.06,0.844
2025-09-26 11:47:00,0.812,0.906
2025-09-26 11:47:20,0.813,0.813
2025-09-26 11:47:40,1.28,0.938
2025-09-26 11:48:00,0.906,0.844
2025-09-26 11:48:20,1.03,1.09
2025-09-26 11:48:40,1.16,0.813
2025-09-26 11:49:00,1.00,0.750
2025-09-26 11:49:20,0.875,0.813
2025-09-26 11:49:40,1.13,0.906
2025-09-26 11:50:00,0.875,0.875
2025-09-26 11:50:20,0.969,0.906
2025-09-26 11:50:40,1.28,0.938
2025-09-26 11:51:00,1.09,0.875
2025-09-26 11:51:20,1.13,0.719
2025-09-26 11:51:40,1.25,0.969
2025-09-26 11:52:00,0.938,1.03
2025-09-26 11:52:20,0.875,0.844
2025-09-26 11:52:40,1.03,1.03
2025-09-26 11:53:00,1.13,1.000
2025-09-26 11:53:20,0.844,0.844
2025-09-26 11:53:40,1.16,1.09
2025-09-26 11:54:00,0.937,0.750
2025-09-26 11:54:20,1.22,0.750
2025-09-26 11:54:40,1.22,0.969
2025-09-26 11:55:00,0.938,0.875
2025-09-26 11:55:20,0.844,0.812
2025-09-26 11:55:40,1.16,0.844
2025-09-26 11:56:00,0.781,0.781
2025-09-26 11:56:20,0.844,0.844
2025-09-26 11:56:40,1.06,1.09
2025-09-26 11:57:00,0.906,0.844
2025-09-26 11:57:20,1.000,0.719
2025-09-26 11:57:40,1.09,0.812
2025-09-26 11:58:00,0.875,0.937
2025-09-26 11:58:20,0.875,0.969
2025-09-26 11:58:40,1.28,0.781
2025-09-26 11:59:00,0.875,1.03
2025-09-26 11:59:20,1.03,1.03
2025-09-26 11:59:40,1.16,0.906
2025-09-26 12:00:00,0.875,0.875
2025-09-26 12:00:20,0.875,0.750
2025-09-26 12:00:40,1.09,0.969
2025-09-26 12:01:00,22.2,24.5
2025-09-26 12:01:20,0.844,0.875
2025-09-26 12:01:40,0.906,0.875
2025-09-26 12:02:00,0.719,0.937
2025-09-26 12:02:20,0.625,0.750
2025-09-26 12:02:40,1.25,1.00
2025-09-26 12:03:00,0.625,0.750
2025-09-26 12:03:20,0.750,0.781
2025-09-26 12:03:40,0.969,1.06
2025-09-26 12:04:00,0.875,0.781
2025-09-26 12:04:20,0.906,0.844
2025-09-26 12:04:40,1.03,0.875
2025-09-26 12:05:00,0.688,16.9
2025-09-26 12:05:20,0.937,0.750
2025-09-26 12:05:40,0.906,1.000
2025-09-26 12:06:00,0.844,1.03
2025-09-26 12:06:20,61.5,44.0
2025-09-26 12:06:40,0.875,0.906
2025-09-26 12:07:00,1.03,1.03
2025-09-26 12:07:20,0.750,0.906
2025-09-26 12:07:40,1.06,0.969
2025-09-26 12:08:00,0.656,1.16
2025-09-26 12:08:20,0.844,0.906
2025-09-26 12:08:40,1.09,0.812
2025-09-26 12:09:00,0.719,0.812
2025-09-26 12:09:20,0.781,0.750
2025-09-26 12:09:40,0.969,1.03
2025-09-26 12:10:00,0.844,0.875
2025-09-26 12:10:20,0.750,1.16
2025-09-26 12:10:40,1.000,0.781
2025-09-26 12:11:00,0.750,1.03
2025-09-26 12:11:20,0.781,0.781
2025-09-26 12:11:40,1.09,0.937
2025-09-26 12:12:00,0.750,0.719
2025-09-26 12:12:20,0.813,0.687
2025-09-26 12:12:40,1.22,0.875
2025-09-26 12:13:00,0.687,0.781
2025-09-26 12:13:20,0.719,0.969
2025-09-26 12:13:40,1.19,0.719
2025-09-26 12:14:00,0.687,0.875
2025-09-26 12:14:20,0.781,0.625
2025-09-26 12:14:40,1.06,0.844
2025-09-26 12:15:00,0.781,0.906
2025-09-26 12:15:20,0.781,0.719
2025-09-26 12:15:40,1.00,0.781
2025-09-26 12:16:00,1.000,0.750
2025-09-26 12:16:20,0.656,0.719
2025-09-26 12:16:40,1.22,1.000
2025-09-26 12:17:00,0.875,0.813
2025-09-26 12:17:20,0.906,0.750
2025-09-26 12:17:40,1.03,0.844
2025-09-26 12:18:00,0.844,0.719
2025-09-26 12:18:20,0.781,0.719
2025-09-26 12:18:40,0.844,0.813
2025-09-26 12:19:00,0.812,0.750
2025-09-26 12:19:20,0.750,0.844
2025-09-26 12:19:40,0.844,1.09
2025-09-26 12:20:00,0.594,0.949
2025-09-26 12:20:20,0.875,0.781
2025-09-26 12:20:40,0.750,0.875
2025-09-26 12:21:00,0.906,0.562
2025-09-26 12:21:20,0.844,0.688
2025-09-26 12:21:40,0.812,1.03
2025-09-26 12:22:00,0.844,0.656
2025-09-26 12:22:20,0.750,1.09
2025-09-26 12:22:40,0.844,1.19
2025-09-26 12:23:00,0.687,0.969
2025-09-26 12:23:20,0.781,0.844
2025-09-26 12:23:40,0.781,0.781
2025-09-26 12:24:00,0.781,0.875
2025-09-26 12:24:20,0.750,0.750
2025-09-26 12:24:40,0.625,0.781
2025-09-26 12:25:00,0.719,1.03
2025-09-26 12:25:20,0.687,0.844
2025-09-26 12:25:40,0.688,0.719
2025-09-26 12:26:00,0.844,0.906
2025-09-26 12:26:20,0.719,0.719
2025-09-26 12:26:40,0.813,1.06
2025-09-26 12:27:00,0.906,0.844
2025-09-26 12:27:20,0.656,0.875
2025-09-26 12:27:40,0.812,0.781
2025-09-26 12:28:00,0.812,0.656
2025-09-26 12:28:20,0.750,0.906
2025-09-26 12:29:00,0.688,0.875
2025-09-26 12:29:20,0.875,0.838
2025-09-26 12:29:40,0.781,0.875
2025-09-26 12:30:00,0.969,0.781
2025-09-26 12:30:20,0.844,0.625
2025-09-26 12:30:40,21.8,1.06
2025-09-26 12:31:00,0.906,0.844
2025-09-26 12:31:20,0.781,0.937
2025-09-26 12:31:40,1.34,24.9
2025-09-26 12:32:00,0.781,0.687
2025-09-26 12:32:20,1.28,3.50
2025-09-26 12:32:40,1.03,0.812
2025-09-26 12:33:00,3.50,1.91
2025-09-26 12:33:20,0.688,0.781
2025-09-26 12:33:40,5.81,0.656
2025-09-26 12:34:00,,0.688
2025-09-26 12:34:20,,17.0
2025-09-26 12:34:40,,0.844
2025-09-26 12:35:00,,0.875
2025-09-26 12:35:20,,0.719
2025-09-26 12:35:40,,0.781
2025-09-26 12:36:00,,0.812
2025-09-26 12:36:20,,0.750
2025-09-26 12:36:40,,1.06
2025-09-26 12:37:00,,0.687
2025-09-26 12:37:20,,0.625
2025-09-26 12:37:40,,0.875
2025-09-26 12:38:00,,0.750
2025-09-26 12:38:20,,0.750
2025-09-26 12:38:40,,0.688
2025-09-26 12:39:00,,0.875
2025-09-26 12:39:20,,0.719
2025-09-26 12:39:40,,0.875
2025-09-26 12:40:00,,0.875
2025-09-26 12:40:20,,0.719
2025-09-26 12:40:40,,0.688
2025-09-26 12:41:00,,0.688
2025-09-26 12:41:20,,0.719
2025-09-26 12:41:40,,0.781
2025-09-26 12:42:00,,0.719
2025-09-26 12:42:20,,0.781
2025-09-26 12:42:40,,0.687
2025-09-26 12:43:00,,0.719
2025-09-26 12:43:20,,0.781
2025-09-26 12:43:40,,0.619
2025-09-26 12:44:00,,0.844
2025-09-26 12:44:20,,0.844
2025-09-26 12:44:40,,0.750
2025-09-26 12:45:00,,0.844
2025-09-26 12:45:20,,0.656
2025-09-26 12:45:40,,0.781
2025-09-26 12:46:00,,0.844
2025-09-26 12:46:20,,0.656
2025-09-26 12:46:40,,0.781
2025-09-26 12:47:00,,0.781
2025-09-26 12:47:20,,0.594
2025-09-26 12:47:40,,0.656
2025-09-26 12:48:00,,0.844
2025-09-26 12:48:20,,0.781
2025-09-26 12:48:40,,0.844
2025-09-26 12:49:00,,0.594
2025-09-26 12:49:20,,0.719
2025-09-26 12:49:40,,0.781
2025-09-26 12:50:00,,0.781
2025-09-26 12:50:20,,0.625
2025-09-26 12:50:40,,0.750
2025-09-26 12:51:00,,0.906
2025-09-26 12:51:20,,0.688
2025-09-26 12:51:40,,0.781
2025-09-26 12:52:00,,0.688
2025-09-26 12:52:20,,0.656
2025-09-26 12:52:40,,0.875
2025-09-26 12:53:00,,0.656
2025-09-26 12:53:20,,0.719
2025-09-26 12:53:40,,0.719
2025-09-26 12:54:00,,0.875
2025-09-26 12:54:20,,0.750
2025-09-26 12:54:40,,0.875
2025-09-26 12:55:00,,0.844
2025-09-26 12:55:20,,0.813
2025-09-26 12:55:40,,1.00
2025-09-26 12:56:00,,0.719
2025-09-26 12:56:20,,0.824
2025-09-26 12:56:40,,0.875
2025-09-26 12:57:00,,0.781
2025-09-26 12:57:20,,0.750
2025-09-26 12:57:40,,0.875
2025-09-26 12:58:00,,1.000
2025-09-26 12:58:20,,1.03
2025-09-26 12:58:40,,0.781
2025-09-26 12:59:00,,0.750
2025-09-26 12:59:20,,0.937
2025-09-26 12:59:40,,0.906
2025-09-26 13:00:00,,0.781
2025-09-26 13:00:20,,0.750
2025-09-26 13:00:40,,0.844
2025-09-26 13:01:00,,0.844
2025-09-26 13:01:20,,0.750
2025-09-26 13:01:40,,1.09
2025-09-26 13:02:00,,0.750
2025-09-26 13:02:20,,0.813
2025-09-26 13:02:40,,0.938
2025-09-26 13:03:00,,0.750
2025-09-26 13:03:20,,0.844
2025-09-26 13:03:40,,1.03
2025-09-26 13:04:00,,0.812
2025-09-26 13:04:20,,0.750
2025-09-26 13:04:40,,1.13
2025-09-26 13:05:00,,0.875
2025-09-26 13:05:20,,0.813
2025-09-26 13:05:40,,0.812
2025-09-26 13:06:00,,0.813
2025-09-26 13:06:20,,0.750
2025-09-26 13:06:40,,0.938
2025-09-26 13:07:00,,0.906
2025-09-26 13:07:20,,0.750
2025-09-26 13:07:40,,1.09
2025-09-26 13:08:00,,0.875
2025-09-26 13:08:20,,0.844
2025-09-26 13:08:40,,0.750
2025-09-26 13:09:00,,0.969
2025-09-26 13:09:20,,0.781
2025-09-26 13:09:40,,0.812
2025-09-26 13:10:00,,0.906
2025-09-26 13:10:20,,0.875
2025-09-26 13:10:40,,0.906
2025-09-26 13:11:00,,0.719
2025-09-26 13:11:20,,0.812
2025-09-26 13:11:40,,0.969
2025-09-26 13:12:00,,0.937
2025-09-26 13:12:20,,0.875
2025-09-26 13:12:40,,1.03
2025-09-26 13:13:00,,1.56
2025-09-26 13:13:20,,0.875
2025-09-26 13:13:40,,1.31
2025-09-26 13:14:00,,0.844
2025-09-26 13:14:20,,0.781
2025-09-26 13:14:40,,1.06
2025-09-26 13:15:00,,1.47
2025-09-26 13:15:20,,1.00
2025-09-26 13:15:40,,1.00
2025-09-26 13:16:00,,0.781
2025-09-26 13:16:20,,0.906
2025-09-26 13:16:40,,0.906
2025-09-26 13:17:00,,0.781
2025-09-26 13:17:20,,0.781
2025-09-26 13:17:40,,0.812
2025-09-26 13:18:00,,0.844
2025-09-26 13:18:20,,0.781
2025-09-26 13:18:40,,0.813
2025-09-26 13:19:00,,0.750
2025-09-26 13:19:20,,0.906
2025-09-26 13:19:40,,0.969
2025-09-26 13:20:00,,0.969
2025-09-26 13:20:20,,0.844
2025-09-26 13:20:40,,0.906
2025-09-26 13:21:00,,0.750
2025-09-26 13:21:20,,0.875
2025-09-26 13:21:40,,0.938
2025-09-26 13:22:00,,0.844
2025-09-26 13:22:20,,1.03
2025-09-26 13:22:40,,0.781
2025-09-26 13:23:00,,0.844
2025-09-26 13:23:20,,0.688
2025-09-26 13:23:40,,0.781
2025-09-26 13:24:00,,0.656
2025-09-26 13:24:20,,0.781
2025-09-26 13:24:40,,0.938
2025-09-26 13:25:00,,0.750
2025-09-26 13:25:20,,0.625
2025-09-26 13:25:40,,0.813
2025-09-26 13:26:00,,0.688
2025-09-26 13:26:20,,0.688
2025-09-26 13:26:40,,1.000
2025-09-26 13:27:00,,0.656
2025-09-26 13:27:20,,0.594
2025-09-26 13:27:40,,0.812
2025-09-26 13:28:00,,0.594
2025-09-26 13:28:20,,0.687
2025-09-26 13:28:40,,0.719
2025-09-26 13:29:00,,0.656
2025-09-26 13:29:20,,0.656
2025-09-26 13:29:40,,0.813
2025-09-26 13:30:00,,0.719
2025-09-26 13:30:20,,0.875
2025-09-26 13:30:40,,0.750
2025-09-26 13:31:00,,0.656
2025-09-26 13:31:20,,0.750
2025-09-26 13:31:40,,0.781
2025-09-26 13:32:00,,0.750
2025-09-26 13:32:20,,0.563
2025-09-26 13:32:40,,0.688
2025-09-26 13:33:00,,0.750
2025-09-26 13:33:20,,0.844
2025-09-26 13:33:40,,0.688
2025-09-26 13:34:00,,0.656
2025-09-26 13:34:20,,0.750
2025-09-26 13:34:40,,1.50
2025-09-26 13:35:00,,1.09
2025-09-26 13:35:20,,50.7
2025-09-26 13:35:40,,1.00
2025-09-26 13:36:00,,74.0
2025-09-26 13:36:20,,34.3
2025-09-26 13:36:40,,33.0
2025-09-26 13:37:00,,26.6
2025-09-26 13:37:20,,32.5
2025-09-26 13:37:40,,28.8
2025-09-26 13:38:00,,29.6
2025-09-26 13:38:20,,32.9
2025-09-26 13:38:40,,32.6
2025-09-26 13:39:00,,29.4
2025-09-26 13:39:20,,35.1
2025-09-26 13:39:40,,35.6
2025-09-26 13:40:00,,35.6
2025-09-26 13:40:20,,32.9
2025-09-26 13:40:40,,36.7
2025-09-26 13:41:00,,26.8
2025-09-26 13:41:20,,30.7
2025-09-26 13:41:40,,34.2
2025-09-26 13:42:00,,36.6
2025-09-26 13:42:20,,30.0
2025-09-26 13:42:40,,38.3
2025-09-26 13:43:00,,40.4
2025-09-26 13:43:20,,29.3
2025-09-26 13:43:40,,29.0
2025-09-26 13:44:00,,0.719
2025-09-26 13:44:20,,0.656
2025-09-26 13:44:40,,0.719
2025-09-26 13:45:00,,0.875
2025-09-26 13:45:20,,0.750
2025-09-26 13:45:40,,0.812
2025-09-26 13:46:00,,0.844
2025-09-26 13:46:20,,0.812
2025-09-26 13:46:40,,1.13
2025-09-26 13:47:00,,0.750
2025-09-26 13:47:20,,0.750
2025-09-26 13:47:40,,0.719
2025-09-26 13:48:00,,0.781
2025-09-26 13:48:20,,0.719
2025-09-26 13:48:40,,0.719
2025-09-26 13:49:00,,3.50
2025-09-26 13:49:20,,97.3
2025-09-26 13:49:40,,43.3
2025-09-26 13:50:00,,41.8
2025-09-26 13:50:20,,35.4
2025-09-26 13:50:40,,29.9
2025-09-26 13:51:00,,29.1
2025-09-26 13:51:20,,41.3
2025-09-26 13:51:40,,38.0
2025-09-26 13:52:00,,37.3
2025-09-26 13:52:20,,48.3
2025-09-26 13:52:40,,44.7
2025-09-26 13:53:00,,41.7
2025-09-26 13:53:20,,43.9
2025-09-26 13:53:40,,43.9
2025-09-26 13:54:00,,48.5
2025-09-26 13:54:20,,43.4
2025-09-26 13:54:40,,34.4
2025-09-26 13:55:00,,30.9
2025-09-26 13:55:20,,0.469
2025-09-26 13:55:40,,1.09
2025-09-26 13:56:20,,97.1
2025-09-26 13:56:40,0.844,46.8
2025-09-26 13:57:00,0.781,49.3
2025-09-26 13:57:20,0.656,43.5
2025-09-26 13:57:40,1.06,34.9
2025-09-26 13:58:00,0.781,30.3
2025-09-26 13:58:20,1.00,31.4
2025-09-26 13:58:40,0.906,30.2
2025-09-26 13:59:00,0.906,30.2
2025-09-26 13:59:20,0.938,27.9
2025-09-26 13:59:40,0.969,28.4
2025-09-26 14:00:00,1.06,34.4
2025-09-26 14:00:20,0.875,29.4
2025-09-26 14:00:40,1.03,30.8
2025-09-26 14:01:00,0.875,41.9
2025-09-26 14:01:20,1.47,32.4
2025-09-26 14:01:40,1.19,1.78
2025-09-26 14:02:00,1.06,1.53
2025-09-26 14:02:20,1.06,1.56
2025-09-26 14:02:40,0.938,1.75
2025-09-26 14:03:00,0.969,1.59
2025-09-26 14:03:20,,97.4
2025-09-26 14:03:40,22.2,36.9
2025-09-26 14:04:00,1.00,33.8
2025-09-26 14:04:20,0.813,27.8
2025-09-26 14:04:40,1.000,29.2
2025-09-26 14:05:00,0.906,33.6
2025-09-26 14:05:20,0.656,32.7
2025-09-26 14:05:40,1.03,31.3
2025-09-26 14:06:00,0.812,30.7
2025-09-26 14:06:20,0.906,33.2
2025-09-26 14:06:40,0.969,31.3
2025-09-26 14:07:00,0.750,38.3
2025-09-26 14:07:20,0.844,36.7
2025-09-26 14:07:40,0.969,36.5
2025-09-26 14:08:00,0.844,34.4
2025-09-26 14:08:20,0.656,36.3
2025-09-26 14:08:40,0.844,34.8
2025-09-26 14:09:00,0.750,33.5
2025-09-26 14:09:20,0.750,34.8
2025-09-26 14:09:40,1.41,34.7
2025-09-26 14:10:00,0.687,38.1
2025-09-26 14:10:20,1.000,36.4
2025-09-26 14:10:40,0.938,40.1
2025-09-26 14:11:00,0.781,37.9
2025-09-26 14:11:20,0.781,38.0
2025-09-26 14:11:40,0.813,39.3
2025-09-26 14:12:00,0.906,44.8
2025-09-26 14:12:20,0.938,42.4
2025-09-26 14:12:40,1.06,36.3
2025-09-26 14:13:00,0.937,28.4
2025-09-26 14:13:20,1.03,37.0
2025-09-26 14:13:40,0.875,39.9
2025-09-26 14:14:00,0.844,43.9
2025-09-26 14:14:20,1.03,43.7
2025-09-26 14:14:40,0.781,40.7
2025-09-26 14:15:00,0.937,47.9
2025-09-26 14:15:20,0.813,45.9
2025-09-26 14:15:40,1.16,45.6
2025-09-26 14:16:00,0.906,47.4
2025-09-26 14:16:20,0.750,49.4
2025-09-26 14:16:40,0.906,41.7
2025-09-26 14:17:00,0.812,32.7
2025-09-26 14:17:20,0.781,37.3
2025-09-26 14:17:40,0.906,40.0
2025-09-26 14:18:00,1.06,46.7
2025-09-26 14:18:20,0.875,46.8
2025-09-26 14:18:40,0.844,43.6
2025-09-26 14:19:00,0.875,39.4
2025-09-26 14:19:20,0.750,39.8
2025-09-26 14:19:40,0.906,31.4
2025-09-26 14:20:00,0.812,38.5
2025-09-26 14:20:20,0.812,30.5
2025-09-26 14:20:40,0.937,27.7
2025-09-26 14:21:00,0.938,29.0
2025-09-26 14:21:20,0.813,30.1
2025-09-26 14:21:40,0.781,30.1
2025-09-26 14:22:00,0.750,42.2
2025-09-26 14:22:20,1.03,35.9
2025-09-26 14:22:40,0.969,36.8
2025-09-26 14:23:00,0.812,37.7
2025-09-26 14:23:20,0.813,1.84
2025-09-26 14:23:40,0.781,1.91
2025-09-26 14:24:00,0.906,1.72
2025-09-26 14:24:20,0.844,1.72
2025-09-26 14:24:40,1.06,1.13
2025-09-26 14:25:00,1.09,37.2
2025-09-26 14:25:20,0.812,35.4
2025-09-26 14:25:40,0.812,29.7
2025-09-26 14:26:00,0.781,25.4
2025-09-26 14:26:20,0.906,33.0
2025-09-26 14:26:40,0.969,30.2
2025-09-26 14:27:00,0.969,31.1
2025-09-26 14:27:20,0.844,32.2
2025-09-26 14:27:40,0.813,33.3
2025-09-26 14:28:00,0.875,30.4
2025-09-26 14:28:20,0.875,36.5
2025-09-26 14:28:40,1.00,35.8
2025-09-26 14:29:00,0.937,35.9
2025-09-26 14:29:20,0.969,35.3
2025-09-26 14:29:40,0.875,35.3
2025-09-26 14:30:00,0.750,27.3
2025-09-26 14:30:20,0.750,29.6
2025-09-26 14:30:40,0.719,33.8
2025-09-26 14:31:00,1.00,37.3
2025-09-26 14:31:20,0.750,32.2
2025-09-26 14:31:40,0.844,38.5
2025-09-26 14:32:00,0.656,41.6
2025-09-26 14:32:20,0.719,32.0
2025-09-26 14:32:40,0.937,33.4
2025-09-26 14:33:00,0.719,38.5
2025-09-26 14:33:20,0.500,43.9
2025-09-26 14:33:40,0.781,50.0
2025-09-26 14:34:00,0.687,36.3
2025-09-26 14:34:20,0.594,31.7
2025-09-26 14:34:40,0.906,29.0
2025-09-26 14:35:00,0.750,42.5
2025-09-26 14:35:20,0.719,39.0
2025-09-26 14:35:40,0.844,41.5
2025-09-26 14:36:00,0.750,43.2
2025-09-26 14:36:20,0.625,46.0
2025-09-26 14:36:40,0.969,44.2
2025-09-26 14:37:00,0.719,49.0
2025-09-26 14:37:20,0.688,46.9
2025-09-26 14:37:40,0.813,46.0
2025-09-26 14:38:00,0.719,45.2
2025-09-26 14:38:20,0.563,41.4
2025-09-26 14:38:40,0.781,29.5
2025-09-26 14:39:00,0.719,40.3
2025-09-26 14:39:20,0.750,41.5
2025-09-26 14:39:40,0.969,45.5
2025-09-26 14:40:00,0.781,51.7
2025-09-26 14:40:20,0.687,44.3
2025-09-26 14:40:40,0.875,35.4
2025-09-26 14:41:00,0.781,29.4
2025-09-26 14:41:20,0.719,32.5
2025-09-26 14:41:40,0.906,31.1
2025-09-26 14:42:00,0.750,30.6
2025-09-26 14:42:20,0.750,27.8
2025-09-26 14:42:40,0.875,28.7
2025-09-26 14:43:00,21.8,35.3
2025-09-26 14:43:20,0.719,30.7
2025-09-26 14:43:40,0.875,31.0
2025-09-26 14:44:00,0.812,39.8
2025-09-26 14:44:20,0.750,32.7
2025-09-26 14:44:40,0.875,1.91
2025-09-26 14:45:00,0.750,1.66
2025-09-26 14:45:20,0.594,1.72
2025-09-26 14:45:40,0.750,1.81
2025-09-26 14:46:00,0.781,1.75
2025-09-26 14:46:20,0.750,97.7
2025-09-26 14:46:40,0.938,38.3
2025-09-26 14:47:00,1.03,34.3
2025-09-26 14:47:20,0.656,26.0
2025-09-26 14:47:40,0.812,30.9
2025-09-26 14:48:00,0.656,34.4
2025-09-26 14:48:20,0.750,33.9
2025-09-26 14:48:40,0.813,33.3
2025-09-26 14:49:00,0.750,31.1
2025-09-26 14:49:20,0.781,32.6
2025-09-26 14:49:40,0.906,31.7
2025-09-26 14:50:00,0.844,38.8
2025-09-26 14:50:20,0.687,36.8
2025-09-26 14:50:40,0.937,37.6
2025-09-26 14:51:00,0.906,34.3
2025-09-26 14:51:20,0.719,37.8
2025-09-26 14:51:40,0.906,35.2
2025-09-26 14:52:00,0.750,33.2
2025-09-26 14:52:20,0.750,34.3
2025-09-26 14:52:40,0.906,35.9
2025-09-26 14:53:00,0.719,39.0
2025-09-26 14:53:20,0.656,36.9
2025-09-26 14:53:40,0.937,42.5
2025-09-26 14:54:00,0.750,38.4
2025-09-26 14:54:20,0.813,37.5
2025-09-26 14:54:40,0.844,37.8
2025-09-26 14:55:00,0.688,44.3
2025-09-26 14:55:20,0.781,42.8
2025-09-26 14:55:40,0.844,36.9
2025-09-26 14:56:00,0.687,28.2
2025-09-26 14:56:20,0.969,35.1
2025-09-26 14:56:40,0.625,38.2
2025-09-26 14:57:00,0.813,43.9
2025-09-26 14:57:20,0.813,43.4
2025-09-26 14:57:40,0.844,41.0
2025-09-26 14:58:00,0.687,50.3
2025-09-26 14:58:20,0.813,44.3
2025-09-26 14:58:40,0.844,45.8
2025-09-26 14:59:00,0.844,52.8
2025-09-26 14:59:20,0.875,48.3
2025-09-26 14:59:40,0.781,40.3
2025-09-26 15:00:00,0.781,32.6
2025-09-26 15:00:20,0.750,37.5
2025-09-26 15:00:40,0.812,40.1
2025-09-26 15:01:00,0.719,45.0
2025-09-26 15:01:20,0.938,46.8
2025-09-26 15:01:40,0.875,44.2
2025-09-26 15:02:00,0.687,39.6
2025-09-26 15:02:20,0.844,38.3
2025-09-26 15:02:40,1.000,30.4
2025-09-26 15:03:00,0.844,37.1
2025-09-26 15:03:20,0.969,29.2
2025-09-26 15:03:40,0.813,27.9
2025-09-26 15:04:00,0.812,29.1
2025-09-26 15:04:20,0.781,29.1
2025-09-26 15:04:40,0.938,30.3
2025-09-26 15:05:00,0.687,40.3
2025-09-26 15:05:20,0.625,36.5
2025-09-26 15:05:40,0.719,37.7
2025-09-26 15:06:00,0.750,37.8
2025-09-26 15:06:20,0.937,1.59
2025-09-26 15:06:40,0.781,1.69
2025-09-26 15:07:00,0.750,1.59
2025-09-26 15:07:20,0.656,1.81
2025-09-26 15:07:40,0.687,1.09
2025-09-26 15:08:00,0.656,56.0
2025-09-26 15:08:20,0.719,35.4
2025-09-26 15:08:40,0.844,30.9
2025-09-26 15:09:00,1.00,28.7
2025-09-26 15:09:20,0.844,33.5
2025-09-26 15:09:40,0.750,30.5
2025-09-26 15:10:00,0.969,32.7
2025-09-26 15:10:20,0.781,33.1
2025-09-26 15:10:40,0.813,33.1
2025-09-26 15:11:00,0.750,30.6
2025-09-26 15:11:20,0.750,36.3
2025-09-26 15:11:40,0.750,35.2
2025-09-26 15:12:00,0.906,36.3
2025-09-26 15:12:20,0.844,35.0
2025-09-26 15:12:40,0.844,36.8
2025-09-26 15:13:00,0.781,28.7
2025-09-26 15:13:20,0.563,30.9
2025-09-26 15:13:40,0.813,33.7
2025-09-26 15:14:00,0.906,38.4
2025-09-26 15:14:20,0.750,32.1
2025-09-26 15:14:40,0.656,38.6
2025-09-26 15:15:00,0.875,40.7
2025-09-26 15:15:20,0.625,33.0
2025-09-26 15:15:40,0.812,34.6
2025-09-26 15:16:00,0.844,38.9
2025-09-26 15:16:20,0.781,42.5
2025-09-26 15:16:40,1.09,47.6
2025-09-26 15:17:00,0.656,35.1
2025-09-26 15:17:20,0.719,31.6
2025-09-26 15:17:40,0.781,29.6
2025-09-26 15:18:00,0.750,42.7
2025-09-26 15:18:20,0.719,38.6
2025-09-26 15:18:40,0.875,42.3
2025-09-26 15:19:00,0.906,43.0
2025-09-26 15:19:20,0.750,44.7
2025-09-26 15:19:40,0.750,43.5
2025-09-26 15:20:00,0.656,49.8
2025-09-26 15:20:20,0.844,45.9
2025-09-26 15:20:40,1.16,45.7
2025-09-26 15:21:00,0.875,46.5
2025-09-26 15:21:20,0.938,42.0
2025-09-26 15:21:40,1.03,30.6
2025-09-26 15:22:00,0.844,39.4
2025-09-26 15:22:20,0.875,41.3
2025-09-26 15:22:40,1.13,44.8
2025-09-26 15:23:00,1.13,52.8
2025-09-26 15:23:20,0.732,44.0
2025-09-26 15:23:40,0.781,34.3
2025-09-26 15:24:00,0.844,31.5
2025-09-26 15:24:20,1.06,31.8
2025-09-26 15:24:40,0.812,30.8
2025-09-26 15:25:00,0.750,31.0
2025-09-26 15:25:20,0.969,28.2
2025-09-26 15:25:40,0.906,29.4
2025-09-26 15:26:00,0.781,35.1
2025-09-26 15:26:20,0.688,30.0
2025-09-26 15:26:40,0.813,32.0
2025-09-26 15:27:00,0.625,40.4
2025-09-26 15:27:20,0.969,32.5
2025-09-26 15:27:40,1.03,2.03
2025-09-26 15:28:00,0.656,1.53
2025-09-26 15:28:20,0.719,1.69
2025-09-26 15:28:40,0.781,1.84
2025-09-26 15:29:00,0.750,1.69
2025-09-26 15:29:20,0.687,97.6
2025-09-26 15:29:40,1.25,38.8
2025-09-26 15:30:00,0.875,34.6
2025-09-26 15:30:20,0.750,27.5
2025-09-26 15:30:40,0.812,30.7
2025-09-26 15:31:00,0.781,35.0
2025-09-26 15:31:20,0.875,34.1
2025-09-26 15:31:40,0.906,33.9
2025-09-26 15:32:00,0.719,31.3
2025-09-26 15:32:20,0.688,33.0
2025-09-26 15:32:40,0.844,31.5
2025-09-26 15:33:00,0.656,39.0
2025-09-26 15:33:20,0.906,37.5
2025-09-26 15:33:40,0.938,37.0
2025-09-26 15:34:00,0.688,35.1
2025-09-26 15:34:20,0.750,37.0
2025-09-26 15:34:40,0.781,34.4
2025-09-26 15:35:00,0.688,34.0
2025-09-26 15:35:20,0.844,34.8
2025-09-26 15:35:40,0.844,35.5
2025-09-26 15:36:00,0.719,38.8
2025-09-26 15:36:20,0.781,37.0
2025-09-26 15:36:40,0.812,41.2
2025-09-26 15:37:00,1.09,38.3
2025-09-26 15:37:20,0.719,37.0
2025-09-26 15:37:40,0.781,38.5
2025-09-26 15:38:00,0.844,46.0
2025-09-26 15:38:20,0.656,41.5
2025-09-26 15:38:40,0.781,36.0
2025-09-26 15:39:00,0.719,28.0
2025-09-26 15:39:20,1.03,37.4
2025-09-26 15:39:40,0.750,38.8
2025-09-26 15:40:00,0.969,43.5
2025-09-26 15:40:20,0.781,45.4
2025-09-26 15:40:40,0.781,40.4
2025-09-26 15:41:00,0.719,48.0
2025-09-26 15:41:20,0.656,47.8
2025-09-26 15:41:40,0.875,45.4
2025-09-26 15:42:00,0.781,52.5
2025-09-26 15:42:20,0.812,49.1
2025-09-26 15:42:40,0.781,42.1
2025-09-26 15:43:00,0.875,32.3
2025-09-26 15:43:20,0.750,37.8
2025-09-26 15:43:40,0.813,40.8
2025-09-26 15:44:00,0.844,47.4
2025-09-26 15:44:20,0.906,46.3
2025-09-26 15:44:40,0.781,46.6
2025-09-26 15:45:00,0.719,39.5
2025-09-26 15:45:20,0.938,38.8
2025-09-26 15:45:40,0.781,33.1
2025-09-26 15:46:00,0.781,37.9
2025-09-26 15:46:20,0.875,30.2
2025-09-26 15:46:40,0.906,28.1
2025-09-26 15:47:00,0.750,28.7
2025-09-26 15:47:20,0.750,29.0
2025-09-26 15:47:40,0.719,30.9
2025-09-26 15:48:00,0.844,42.0
2025-09-26 15:48:20,0.719,36.9
2025-09-26 15:48:40,0.844,36.0
2025-09-26 15:49:00,0.844,37.9
2025-09-26 15:49:20,0.781,1.97
2025-09-26 15:49:40,0.844,2.03
2025-09-26 15:50:00,0.719,1.72
2025-09-26 15:50:20,0.875,1.88
2025-09-26 15:50:40,0.812,1.25
2025-09-26 15:51:00,0.687,50.8
2025-09-26 15:51:20,0.844,36.8
2025-09-26 15:51:40,0.875,31.1
2025-09-26 15:52:00,0.812,25.9
2025-09-26 15:52:20,0.812,33.0
2025-09-26 15:52:40,0.937,30.4
2025-09-26 15:53:00,0.656,34.1
2025-09-26 15:53:20,0.594,33.3
2025-09-26 15:53:40,0.844,32.7
2025-09-26 15:54:00,0.813,31.3
2025-09-26 15:54:20,0.594,35.0
2025-09-26 15:54:40,0.750,36.7
2025-09-26 15:55:00,0.781,37.0
2025-09-26 15:55:20,0.563,36.6
2025-09-26 15:55:40,0.688,36.3
2025-09-26 15:56:00,0.781,29.2
2025-09-26 15:56:20,0.594,31.7
2025-09-26 15:56:40,0.750,34.8
2025-09-26 15:57:00,0.625,37.5
2025-09-26 15:57:20,0.594,32.0
2025-09-26 15:57:40,0.750,38.8
2025-09-26 15:58:00,0.844,41.5
2025-09-26 15:58:20,0.500,35.0
2025-09-26 15:58:40,0.781,34.7
2025-09-26 15:59:00,0.531,38.6
2025-09-26 15:59:20,0.656,43.0
2025-09-26 15:59:40,0.812,48.5
2025-09-26 16:00:00,0.625,36.9
2025-09-26 16:00:20,0.594,32.2
2025-09-26 16:00:40,0.812,31.1
2025-09-26 16:01:00,0.562,41.9
2025-09-26 16:01:20,0.563,38.7
2025-09-26 16:01:40,0.594,43.0
2025-09-26 16:02:00,0.563,43.2
2025-09-26 16:02:20,0.875,43.9
2025-09-26 16:02:40,0.781,44.5
2025-09-26 16:03:00,0.594,48.4
2025-09-26 16:03:20,0.656,48.2
2025-09-26 16:03:40,0.750,46.3
2025-09-26 16:04:00,0.781,46.3
2025-09-26 16:04:20,0.687,41.8
2025-09-26 16:04:40,0.781,30.1
2025-09-26 16:05:00,0.656,40.3
2025-09-26 16:05:20,0.875,40.4
2025-09-26 16:05:40,0.813,46.0
2025-09-26 16:06:00,0.781,50.8
2025-09-26 16:06:20,0.594,44.8
2025-09-26 16:06:40,0.813,1.22
2025-09-26 16:07:00,0.531,0.781
2025-09-26 16:07:20,0.906,1.19
2025-09-26 16:07:40,0.656,57.5
2025-09-26 16:08:00,0.594,31.2
2025-09-26 16:08:20,1.000,64.4
2025-09-26 16:08:40,0.688,1.20
2025-09-26 16:09:00,0.688,1.38
2025-09-26 16:09:20,0.781,0.875
2025-09-26 16:09:40,0.719,1.16
2025-09-26 16:10:00,0.656,0.844
2025-09-26 16:10:20,0.938,0.781
2025-09-26 16:10:40,0.781,0.906
2025-09-26 16:11:00,0.562,0.844
2025-09-26 16:11:20,0.562,0.844
2025-09-26 16:11:40,0.719,1.000
2025-09-26 16:12:00,0.625,0.719
2025-09-26 16:12:20,0.594,0.719
2025-09-26 16:12:40,0.750,1.44
2025-09-26 16:13:00,0.625,37.2
2025-09-26 16:13:20,0.625,30.7
2025-09-26 16:13:40,0.781,28.3
2025-09-26 16:14:00,0.813,28.8
2025-09-26 16:14:20,0.656,30.2
2025-09-26 16:14:40,0.719,30.4
2025-09-26 16:15:00,0.656,41.3
2025-09-26 16:15:20,0.625,36.0
2025-09-26 16:15:40,0.781,36.6
2025-09-26 16:16:00,0.844,38.9
2025-09-26 16:16:20,0.688,1.59
2025-09-26 16:16:40,0.750,2.16
2025-09-26 16:17:00,0.719,1.59
2025-09-26 16:17:20,0.625,1.53
2025-09-26 16:17:40,0.719,1.34
2025-09-26 16:18:00,0.594,43.4
2025-09-26 16:18:20,0.625,34.7
2025-09-26 16:18:40,0.844,29.1
2025-09-26 16:19:00,0.562,27.1
2025-09-26 16:19:20,0.781,32.1
2025-09-26 16:19:40,0.687,29.5
2025-09-26 16:20:00,0.563,33.2
2025-09-26 16:20:20,0.594,34.2
2025-09-26 16:20:40,0.719,33.1
2025-09-26 16:21:00,0.656,31.1
2025-09-26 16:21:20,0.625,36.1
2025-09-26 16:21:40,0.781,36.6
2025-09-26 16:22:00,0.594,35.1
2025-09-26 16:22:20,0.625,37.3
2025-09-26 16:22:40,0.813,36.3
2025-09-26 16:23:00,0.813,30.9
2025-09-26 16:23:20,0.563,30.5
2025-09-26 16:23:40,0.812,32.8
2025-09-26 16:24:00,0.625,36.8
2025-09-26 16:24:20,0.625,32.2
2025-09-26 16:24:40,0.719,37.9
2025-09-26 16:25:00,0.562,41.2
2025-09-26 16:25:20,0.625,35.6
2025-09-26 16:25:40,0.625,32.9
2025-09-26 16:26:00,0.687,37.5
2025-09-26 16:26:20,0.656,38.6
2025-09-26 16:26:40,0.781,47.9
2025-09-26 16:27:00,0.687,36.1
2025-09-26 16:27:20,0.625,31.7
2025-09-26 16:27:40,0.625,32.0
2025-09-26 16:28:00,0.656,41.0
2025-09-26 16:28:20,0.625,39.3
2025-09-26 16:28:40,0.750,42.6
2025-09-26 16:29:00,0.563,42.4
2025-09-26 16:29:20,0.656,43.4
2025-09-26 16:29:40,0.719,45.1
2025-09-26 16:30:00,0.594,48.1
2025-09-26 16:30:20,0.750,47.7
2025-09-26 16:30:40,0.719,46.7
2025-09-26 16:31:00,0.625,46.5
2025-09-26 16:31:20,61.5,41.6
2025-09-26 16:31:40,0.719,31.2
2025-09-26 16:32:00,0.656,41.3
2025-09-26 16:32:20,0.594,39.1
2025-09-26 16:32:40,0.625,46.8
2025-09-26 16:33:00,0.625,50.9
2025-09-26 16:33:20,1.00,45.2
2025-09-26 16:33:40,0.750,35.6
2025-09-26 16:34:00,0.844,32.0
2025-09-26 16:34:20,0.625,33.0
2025-09-26 16:34:40,0.688,31.2
2025-09-26 16:35:00,0.656,32.0
2025-09-26 16:35:20,0.656,27.8
2025-09-26 16:35:40,0.656,29.9
2025-09-26 16:36:00,0.594,32.7
2025-09-26 16:36:20,0.563,31.3
2025-09-26 16:36:40,0.656,32.0
2025-09-26 16:37:00,0.813,41.8
2025-09-26 16:37:20,0.688,32.5
2025-09-26 16:37:40,0.906,1.91
2025-09-26 16:38:00,0.781,1.69
2025-09-26 16:38:20,0.594,1.53
2025-09-26 16:38:40,0.719,1.84
2025-09-26 16:39:00,0.563,1.66
2025-09-26 16:39:20,0.656,98.0
2025-09-26 16:39:40,0.688,39.5
2025-09-26 16:40:00,0.688,36.2
2025-09-26 16:40:20,0.724,28.5
2025-09-26 16:40:40,0.656,30.9
2025-09-26 16:41:00,0.625,33.4
2025-09-26 16:41:20,0.750,34.4
2025-09-26 16:41:40,0.687,35.0
2025-09-26 16:42:00,0.844,31.6
2025-09-26 16:42:20,0.750,33.1
2025-09-26 16:42:40,0.812,31.5
2025-09-26 16:43:00,0.750,37.6
2025-09-26 16:43:20,0.656,37.9
2025-09-26 16:43:40,0.906,37.5
2025-09-26 16:44:00,0.781,35.2
2025-09-26 16:44:20,0.937,38.6
2025-09-26 16:44:40,0.844,34.5
2025-09-26 16:45:00,0.906,32.8
2025-09-26 16:45:20,0.750,33.8
2025-09-26 16:45:40,0.812,35.9
2025-09-26 16:46:00,0.656,38.5
2025-09-26 16:46:20,0.750,37.4
2025-09-26 16:46:40,0.813,42.3
2025-09-26 16:47:00,0.656,38.6
2025-09-26 16:47:20,0.781,37.8
2025-09-26 16:47:40,0.812,37.9
2025-09-26 16:48:00,0.656,44.7
2025-09-26 16:48:20,0.750,42.9
2025-09-26 16:48:40,0.750,37.9
2025-09-26 16:49:00,0.781,28.5
2025-09-26 16:49:20,0.719,35.0
2025-09-26 16:49:40,0.750,40.3
2025-09-26 16:50:00,0.844,44.0
2025-09-26 16:50:20,0.687,45.2
2025-09-26 16:50:40,0.875,41.2
2025-09-26 16:51:00,0.750,49.1
2025-09-26 16:51:20,0.813,45.1
2025-09-26 16:51:40,1.00,45.5
2025-09-26 16:52:00,0.750,49.8
2025-09-26 16:52:20,0.875,49.8
2025-09-26 16:52:40,0.781,41.2
2025-09-26 16:53:00,0.875,33.2
2025-09-26 16:53:20,0.781,38.0
2025-09-26 16:53:40,0.781,40.7
2025-09-26 16:54:00,0.781,45.7
2025-09-26 16:54:20,1.06,47.5
2025-09-26 16:54:40,1.06,47.0
2025-09-26 16:55:00,0.812,39.9
2025-09-26 16:55:20,1.02,39.3
2025-09-26 16:55:40,0.938,30.0
2025-09-26 16:56:00,0.781,38.5
2025-09-26 16:56:20,1.000,31.6
2025-09-26 16:56:40,0.937,27.0
2025-09-26 16:57:00,0.812,29.4
2025-09-26 16:57:20,0.812,27.9
2025-09-26 16:57:40,1.09,31.7
2025-09-26 16:58:00,0.781,40.5
2025-09-26 16:58:20,0.719,34.9
2025-09-26 16:58:40,0.938,36.9
2025-09-26 16:59:00,0.813,36.4
2025-09-26 16:59:20,0.875,1.50
2025-09-26 16:59:40,0.906,1.84
2025-09-26 17:00:00,0.781,2.09
2025-09-26 17:00:20,0.875,1.88
2025-09-26 17:00:40,1.19,1.37
2025-09-26 17:01:00,0.906,59.4
2025-09-26 17:01:20,0.969,36.2
2025-09-26 17:01:40,0.906,29.4
2025-09-26 17:02:00,0.781,25.9
2025-09-26 17:02:20,0.781,33.8
2025-09-26 17:02:40,0.906,30.8
2025-09-26 17:03:00,0.812,33.3
2025-09-26 17:03:20,0.781,33.6
2025-09-26 17:03:40,0.844,33.0
2025-09-26 17:04:00,0.812,30.5
2025-09-26 17:04:20,0.906,36.2
2025-09-26 17:04:40,0.906,36.6
2025-09-26 17:05:00,0.812,36.8
2025-09-26 17:05:20,0.781,35.4
2025-09-26 17:05:40,0.875,37.2
2025-09-26 17:06:00,0.750,29.3
2025-09-26 17:06:20,0.781,30.6
2025-09-26 17:06:40,1.000,33.1
2025-09-26 17:07:00,0.719,38.1
2025-09-26 17:07:20,1.000,32.6
2025-09-26 17:07:40,1.00,39.0
2025-09-26 17:08:00,1.000,41.2
2025-09-26 17:08:20,0.781,35.6
2025-09-26 17:08:40,1.03,34.5
2025-09-26 17:09:00,1.000,37.1
2025-09-26 17:09:20,0.844,42.0
2025-09-26 17:09:40,1.19,49.2
2025-09-26 17:10:00,0.844,35.4
2025-09-26 17:10:20,0.812,32.4
2025-09-26 17:10:40,0.906,31.0
2025-09-26 17:11:00,0.875,41.2
2025-09-26 17:11:20,0.875,38.3
2025-09-26 17:11:40,0.938,41.5
2025-09-26 17:12:00,0.781,43.0
2025-09-26 17:12:20,0.719,43.2
2025-09-26 17:12:40,0.969,44.4
2025-09-26 17:13:00,0.812,48.8
2025-09-26 17:13:20,0.750,47.9
2025-09-26 17:13:40,0.906,46.7
2025-09-26 17:14:00,1.16,47.2
2025-09-26 17:14:20,0.750,43.0
2025-09-26 17:14:40,0.875,31.5
2025-09-26 17:15:00,61.6,41.2
2025-09-26 17:15:20,0.812,40.4
2025-09-26 17:15:40,0.875,46.3
2025-09-26 17:16:00,0.781,52.8
2025-09-26 17:16:20,41.9,46.3
2025-09-26 17:16:40,0.875,37.0
2025-09-26 17:17:00,0.688,32.2
2025-09-26 17:17:20,22.0,48.6
2025-09-26 17:17:40,1.12,32.7
2025-09-26 17:18:00,0.781,31.3
2025-09-26 17:18:20,0.813,28.3
2025-09-26 17:18:40,61.4,31.1
2025-09-26 17:19:00,1.31,46.2
2025-09-26 17:19:20,0.906,30.7
2025-09-26 17:19:40,0.812,33.4
2025-09-26 17:20:00,0.719,42.3
2025-09-26 17:20:20,0.781,32.4
2025-09-26 17:20:40,1.03,2.06
2025-09-26 17:21:00,0.844,1.84
2025-09-26 17:21:20,0.781,2.16
2025-09-26 17:21:40,0.844,2.12
2025-09-26 17:22:00,0.844,1.69
2025-09-26 17:22:20,0.781,97.5
2025-09-26 17:22:40,0.906,37.7
2025-09-26 17:23:00,0.937,34.3
2025-09-26 17:23:20,0.688,28.4
2025-09-26 17:23:40,1.28,29.8
2025-09-26 17:24:00,0.875,34.4
2025-09-26 17:24:20,0.812,34.7
2025-09-26 17:24:40,0.812,33.2
2025-09-26 17:25:00,0.781,31.9
2025-09-26 17:25:20,0.812,32.9
2025-09-26 17:25:40,1.000,31.3
2025-09-26 17:26:00,1.000,37.8
2025-09-26 17:26:20,0.844,37.7
2025-09-26 17:26:40,1.03,39.3
2025-09-26 17:27:00,0.687,34.0
2025-09-26 17:27:20,0.813,38.1
2025-09-26 17:27:40,0.875,34.7
2025-09-26 17:28:00,0.687,33.0
2025-09-26 17:28:20,0.812,34.7
2025-09-26 17:28:40,1.000,36.2
2025-09-26 17:29:00,1.00,40.0
2025-09-26 17:29:20,0.844,38.6
2025-09-26 17:29:40,0.844,42.5
2025-09-26 17:30:00,0.813,39.0
2025-09-26 17:30:20,0.813,38.5
2025-09-26 17:30:40,0.969,38.5
2025-09-26 17:31:00,0.812,44.6
2025-09-26 17:31:20,0.687,42.6
2025-09-26 17:31:40,0.875,38.7
2025-09-26 17:32:00,0.875,28.5
2025-09-26 17:32:20,0.813,35.4
2025-09-26 17:32:40,0.906,39.2
2025-09-26 17:33:00,0.813,45.2
2025-09-26 17:33:20,0.906,44.5
2025-09-26 17:33:40,0.844,42.5
2025-09-26 17:34:00,0.781,50.9
2025-09-26 17:34:20,0.812,45.4
2025-09-26 17:34:40,0.906,46.8
2025-09-26 17:35:00,1.00,48.5
2025-09-26 17:35:20,0.750,50.1
2025-09-26 17:35:40,0.750,41.4
2025-09-26 17:36:00,1.03,31.1
2025-09-26 17:36:20,0.813,38.2
2025-09-26 17:36:40,0.938,40.3
2025-09-26 17:37:00,0.906,45.2
2025-09-26 17:37:20,0.844,46.8
2025-09-26 17:37:40,0.844,44.6
2025-09-26 17:38:00,0.781,39.8
2025-09-26 17:38:20,0.813,38.7
2025-09-26 17:38:40,0.906,31.0
2025-09-26 17:39:00,0.813,38.0
2025-09-26 17:39:20,0.844,30.8
2025-09-26 17:39:40,0.906,27.7
2025-09-26 17:40:00,0.844,29.4
2025-09-26 17:40:20,0.750,29.0
2025-09-26 17:40:40,1.03,31.8
2025-09-26 17:41:00,0.750,39.1
2025-09-26 17:41:20,0.812,35.0
2025-09-26 17:41:40,1.03,37.6
2025-09-26 17:42:00,0.719,37.3
2025-09-26 17:42:20,0.844,1.66
2025-09-26 17:42:40,0.813,2.00
2025-09-26 17:43:00,0.875,1.59
2025-09-26 17:43:20,0.719,1.56
2025-09-26 17:43:40,1.06,1.25
2025-09-26 17:44:00,0.750,44.8
2025-09-26 17:44:20,0.906,36.3
2025-09-26 17:44:40,0.937,30.4
2025-09-26 17:45:00,1.06,26.9
2025-09-26 17:45:20,0.844,33.6
2025-09-26 17:45:40,0.875,31.6
2025-09-26 17:46:00,0.781,32.8
2025-09-26 17:46:20,0.844,33.5
2025-09-26 17:46:40,0.938,32.5
2025-09-26 17:47:00,0.781,30.8
2025-09-26 17:47:20,0.906,37.0
2025-09-26 17:47:40,1.03,37.2
2025-09-26 17:48:00,1.03,36.5
2025-09-26 17:48:20,0.688,35.2
2025-09-26 17:48:40,0.906,36.4
2025-09-26 17:49:00,0.688,28.7
2025-09-26 17:49:20,0.750,30.7
2025-09-26 17:49:40,0.875,34.1
2025-09-26 17:50:00,0.812,37.8
2025-09-26 17:50:20,1.09,32.4
2025-09-26 17:50:40,0.812,38.5
2025-09-26 17:51:00,0.875,41.5
2025-09-26 17:51:20,0.719,34.7
2025-09-26 17:51:40,0.844,34.1
2025-09-26 17:52:00,0.844,38.5
2025-09-26 17:52:20,0.875,41.7
2025-09-26 17:52:40,0.906,48.7
2025-09-26 17:53:00,0.875,36.1
2025-09-26 17:53:20,1.06,31.9
2025-09-26 17:53:40,1.19,29.8
2025-09-26 17:54:00,1.12,41.1
2025-09-26 17:54:20,1.06,37.7
2025-09-26 17:54:40,1.13,43.7
2025-09-26 17:55:00,0.969,43.2
2025-09-26 17:55:20,0.969,45.1
2025-09-26 17:56:00,1.47,1.22
2025-09-26 17:56:20,1.06,17.1
2025-09-26 17:56:40,0.969,1.22
2025-09-26 17:57:00,1.06,0.688
2025-09-26 17:57:20,1.000,0.719
2025-09-26 17:57:40,1.19,1.03
2025-09-26 17:58:00,0.844,1.28
2025-09-26 17:58:20,0.844,97.3
2025-09-26 17:58:40,1.16,98.1
2025-09-26 17:59:00,0.969,47.9
2025-09-26 17:59:20,0.969,49.0
2025-09-26 17:59:40,1.00,42.6
2025-09-26 18:00:00,1.12,35.7
2025-09-26 18:00:20,0.906,33.9
2025-09-26 18:00:40,1.03,41.9
2025-09-26 18:01:00,0.938,40.3
2025-09-26 18:01:20,0.937,46.8
2025-09-26 18:01:40,0.969,47.5
2025-09-26 18:02:00,0.875,35.5
2025-09-26 18:02:20,1.000,38.1
2025-09-26 18:02:40,0.969,31.2
2025-09-26 18:03:00,1.06,34.5
2025-09-26 18:03:20,1.09,31.0
2025-09-26 18:03:40,1.22,27.9
2025-09-26 18:04:00,0.750,30.6
2025-09-26 18:04:20,0.875,27.7
2025-09-26 18:04:40,0.938,34.3
2025-09-26 18:05:00,0.844,35.0
2025-09-26 18:05:20,0.969,35.7
2025-09-26 18:05:40,1.000,42.2
2025-09-26 18:06:00,1.03,39.7
2025-09-26 18:06:20,0.813,1.56
2025-09-26 18:06:40,0.969,5.37
2025-09-26 18:07:00,0.969,2.03
2025-09-26 18:07:20,0.906,1.56
2025-09-26 18:07:40,0.969,1.47
2025-09-26 18:08:00,0.875,97.2
2025-09-26 18:08:20,1.06,34.8
2025-09-26 18:08:40,1.06,28.6
2025-09-26 18:09:00,0.969,25.2
2025-09-26 18:09:20,1.03,30.2
2025-09-26 18:09:40,1.13,30.8
2025-09-26 18:10:00,0.906,30.6
2025-09-26 18:10:20,1.00,29.9
2025-09-26 18:10:40,0.969,31.4
2025-09-26 18:11:00,0.969,30.8
2025-09-26 18:11:20,0.938,35.0
2025-09-26 18:11:40,0.937,40.8
2025-09-26 18:12:00,1.19,34.1
2025-09-26 18:12:20,0.906,38.9
2025-09-26 18:12:40,1.09,35.7
2025-09-26 18:13:00,1.11,37.0
2025-09-26 18:13:20,0.969,28.1
2025-09-26 18:13:40,0.969,32.5
2025-09-26 18:14:00,1.03,25.6
2025-09-26 18:14:20,0.938,31.1
2025-09-26 18:14:40,0.938,36.9
2025-09-26 18:15:00,1.13,40.3
2025-09-26 18:15:20,1.00,39.6
2025-09-26 18:15:40,0.969,38.1
2025-09-26 18:16:00,0.906,36.2
2025-09-26 18:16:20,1.09,33.2
2025-09-26 18:16:40,0.906,39.3
2025-09-26 18:17:00,1.12,37.4
2025-09-26 18:17:20,0.969,30.3
2025-09-26 18:17:40,0.875,31.5
2025-09-26 18:18:00,0.844,38.0
2025-09-26 18:18:20,0.875,41.9
2025-09-26 18:18:40,0.969,40.1
2025-09-26 18:19:00,0.688,43.5
2025-09-26 18:19:20,0.906,42.9
2025-09-26 18:19:40,0.781,45.4
2025-09-26 18:20:00,0.719,42.4
2025-09-26 18:20:20,0.813,47.7
2025-09-26 18:20:40,0.844,46.1
2025-09-26 18:21:00,0.750,46.2
2025-09-26 18:21:20,0.813,45.9
2025-09-26 18:21:40,0.844,33.6
2025-09-26 18:22:00,0.781,34.7
2025-09-26 18:22:20,1.03,33.8
2025-09-26 18:22:40,0.969,49.1
2025-09-26 18:23:00,0.875,45.2
2025-09-26 18:23:20,0.906,47.5
2025-09-26 18:23:40,1.000,40.6
2025-09-26 18:24:00,0.750,33.0
2025-09-26 18:24:20,0.781,34.8
2025-09-26 18:24:40,0.938,29.6
2025-09-26 18:25:00,0.656,32.9
2025-09-26 18:25:20,1.06,27.2
2025-09-26 18:25:40,0.938,30.3
2025-09-26 18:26:00,0.656,26.7
2025-09-26 18:26:20,0.750,30.9
2025-09-26 18:26:40,0.875,32.5
2025-09-26 18:27:00,0.719,42.9
2025-09-26 18:27:20,0.719,39.2
2025-09-26 18:27:40,1.09,17.4
2025-09-26 18:28:00,0.656,1.72
2025-09-26 18:28:20,0.938,1.91
2025-09-26 18:28:40,1.03,28.2
2025-09-26 18:29:00,0.656,1.72
2025-09-26 18:29:20,0.844,69.9
2025-09-26 18:29:40,0.813,41.4
2025-09-26 18:30:00,0.688,35.0
2025-09-26 18:30:20,0.938,30.7
2025-09-26 18:30:40,1.00,31.6
2025-09-26 18:31:00,0.688,30.4
2025-09-26 18:31:20,0.906,30.8
2025-09-26 18:31:40,0.750,31.9
2025-09-26 18:32:00,0.875,30.4
2025-09-26 18:32:20,0.781,31.7
2025-09-26 18:32:40,0.844,33.5
2025-09-26 18:33:00,0.750,35.2
2025-09-26 18:33:20,0.750,38.2
2025-09-26 18:33:40,0.906,38.2
2025-09-26 18:34:00,0.938,32.2
2025-09-26 18:34:20,0.812,35.8
2025-09-26 18:34:40,0.906,31.4
2025-09-26 18:35:00,0.688,29.9
2025-09-26 18:35:20,0.906,31.6
2025-09-26 18:35:40,1.00,36.1
2025-09-26 18:36:00,0.719,36.3
2025-09-26 18:36:20,0.781,40.5
2025-09-26 18:36:40,0.844,37.7
2025-09-26 18:37:00,0.844,36.4
2025-09-26 18:37:20,0.875,35.1
2025-09-26 18:37:40,0.844,34.3
2025-09-26 18:38:00,0.906,46.5
2025-09-26 18:38:20,0.750,43.6
2025-09-26 18:38:40,0.875,40.5
2025-09-26 18:39:00,0.812,31.6
2025-09-26 18:39:20,1.03,35.2
2025-09-26 18:39:40,0.875,42.5
2025-09-26 18:40:00,0.719,44.4
2025-09-26 18:40:20,0.875,40.5
2025-09-26 18:40:40,0.813,48.8
2025-09-26 18:41:00,0.688,45.3
2025-09-26 18:41:20,0.938,38.5
2025-09-26 18:41:40,0.781,47.6
2025-09-26 18:42:00,0.781,48.1
2025-09-26 18:42:20,1.00,53.3
2025-09-26 18:42:40,1.000,42.2
2025-09-26 18:43:00,0.844,36.6
2025-09-26 18:43:20,0.844,32.7
2025-09-26 18:43:40,0.906,41.2
2025-09-26 18:44:00,0.750,40.2
2025-09-26 18:44:20,0.813,47.4
2025-09-26 18:44:40,0.906,48.6
2025-09-26 18:45:00,0.813,35.8
2025-09-26 18:45:20,0.812,37.8
2025-09-26 18:45:40,0.781,31.3
2025-09-26 18:46:00,0.656,36.4
2025-09-26 18:46:20,0.750,31.1
2025-09-26 18:46:40,1.00,27.1
2025-09-26 18:47:00,0.875,31.6
2025-09-26 18:47:20,0.781,27.5
2025-09-26 18:47:40,0.812,34.2
2025-09-26 18:48:00,1.000,34.8
2025-09-26 18:48:20,0.906,35.5
2025-09-26 18:48:40,1.03,43.0
2025-09-26 18:49:00,0.688,39.2
2025-09-26 18:49:20,0.906,1.81
2025-09-26 18:49:40,0.812,5.09
2025-09-26 18:50:00,0.625,1.69
2025-09-26 18:50:20,0.750,1.69
2025-09-26 18:50:40,1.00,1.72
2025-09-26 18:51:00,0.719,97.5
2025-09-26 18:51:20,0.781,34.8
2025-09-26 18:51:40,0.813,28.8
2025-09-26 18:52:00,0.937,25.2
2025-09-26 18:52:20,0.719,28.8
2025-09-26 18:52:40,1.19,30.7
2025-09-26 18:53:00,0.969,30.9
2025-09-26 18:53:20,0.781,30.8
2025-09-26 18:53:40,1.06,30.8
2025-09-26 18:54:00,0.875,30.3
2025-09-26 18:54:20,0.781,35.1
2025-09-26 18:54:40,0.844,39.7
2025-09-26 18:55:00,0.906,35.2
2025-09-26 18:55:20,0.875,38.2
2025-09-26 18:55:40,0.969,33.9
2025-09-26 18:56:00,0.875,36.4
2025-09-26 18:56:20,0.875,27.8
2025-09-26 18:56:40,0.813,32.6
2025-09-26 18:57:00,1.00,26.6
2025-09-26 18:57:20,0.781,31.9
2025-09-26 18:57:40,0.844,35.6
2025-09-26 18:58:00,1.03,40.1
2025-09-26 18:58:20,0.719,40.8
2025-09-26 18:58:40,0.844,38.7
2025-09-26 18:59:00,0.937,37.2
2025-09-26 18:59:20,1.06,33.8
2025-09-26 18:59:40,0.969,40.4
2025-09-26 19:00:00,1.00,35.7
2025-09-26 19:00:20,0.969,30.0
2025-09-26 19:00:40,1.03,31.0
2025-09-26 19:01:00,0.938,38.7
2025-09-26 19:01:20,0.875,42.0
2025-09-26 19:01:40,0.875,38.6
2025-09-26 19:02:00,1.06,44.7
2025-09-26 19:02:20,0.844,42.1
2025-09-26 19:02:40,1.06,45.8
2025-09-26 19:03:00,0.969,44.5
2025-09-26 19:03:20,0.844,48.3
2025-09-26 19:03:40,1.28,45.8
2025-09-26 19:04:00,1.12,45.2
2025-09-26 19:04:20,0.969,44.0
2025-09-26 19:04:40,0.969,33.8
2025-09-26 19:05:00,0.844,35.6
2025-09-26 19:05:20,1.03,33.1
2025-09-26 19:05:40,1.00,47.3
2025-09-26 19:06:00,0.969,44.1
2025-09-26 19:06:20,0.906,46.8
2025-09-26 19:06:40,0.906,39.7
2025-09-26 19:07:00,1.03,33.8
2025-09-26 19:07:20,1.06,33.9
2025-09-26 19:07:40,1.03,30.4
2025-09-26 19:08:00,0.938,32.8
2025-09-26 19:08:20,1.00,27.5
2025-09-26 19:08:40,0.969,29.6
2025-09-26 19:09:00,0.937,25.4
2025-09-26 19:09:20,0.875,28.8
2025-09-26 19:09:40,0.969,30.9
2025-09-26 19:10:00,0.969,41.4
2025-09-26 19:10:20,1.06,38.8
2025-09-26 19:10:40,0.875,17.4
2025-09-26 19:11:00,1.000,1.66
2025-09-26 19:11:20,1.000,1.72
2025-09-26 19:11:40,0.937,28.1
2025-09-26 19:12:00,0.969,1.63
2025-09-26 19:12:20,1.16,71.2
2025-09-26 19:12:40,1.03,40.7
2025-09-26 19:13:00,1.03,35.1
2025-09-26 19:13:20,1.00,30.5
2025-09-26 19:13:40,1.22,34.1
2025-09-26 19:14:00,0.906,29.4
2025-09-26 19:14:20,0.812,30.1
2025-09-26 19:14:40,0.969,31.8
2025-09-26 19:15:00,1.00,30.5
2025-09-26 19:15:20,1.06,32.1
2025-09-26 19:15:40,1.00,33.6
2025-09-26 19:16:00,1.03,33.9
2025-09-26 19:16:20,0.906,39.2
2025-09-26 19:16:40,0.875,38.9
2025-09-26 19:17:00,1.16,33.7
2025-09-26 19:17:20,1.06,35.9
2025-09-26 19:17:40,0.969,31.0
2025-09-26 19:18:00,1.28,29.7
2025-09-26 19:18:20,0.906,30.7
2025-09-26 19:18:40,1.19,36.8
2025-09-26 19:19:00,1.03,35.9
2025-09-26 19:19:20,1.03,40.5
2025-09-26 19:19:40,0.969,36.1
2025-09-26 19:20:00,0.938,34.9
2025-09-26 19:20:20,0.969,34.2
2025-09-26 19:20:40,0.937,33.9
2025-09-26 19:21:00,1.22,45.0
2025-09-26 19:21:20,0.812,42.8
2025-09-26 19:21:40,1.00,39.8
2025-09-26 19:22:00,1.22,32.0
2025-09-26 19:22:20,0.875,34.5
2025-09-26 19:22:40,0.937,42.0
2025-09-26 19:23:00,1.09,42.5
2025-09-26 19:23:20,0.938,39.2
2025-09-26 19:23:40,0.969,47.2
2025-09-26 19:24:00,1.09,46.1
2025-09-26 19:24:20,0.875,38.1
2025-09-26 19:24:40,0.812,47.6
2025-09-26 19:25:00,0.906,48.5
2025-09-26 19:25:20,0.969,50.6
2025-09-26 19:25:40,0.969,41.8
2025-09-26 19:26:00,0.812,38.2
2025-09-26 19:26:20,0.813,31.2
2025-09-26 19:26:40,0.844,39.6
2025-09-26 19:27:00,0.875,40.0
2025-09-26 19:27:20,0.781,47.2
2025-09-26 19:27:40,0.844,47.0
2025-09-26 19:28:00,1.000,34.4
2025-09-26 19:28:20,0.937,37.0
2025-09-26 19:28:40,0.969,32.6
2025-09-26 19:29:00,1.03,34.4
2025-09-26 19:29:20,0.813,31.4
2025-09-26 19:29:40,0.988,27.1
2025-09-26 19:30:00,0.875,30.4
2025-09-26 19:30:20,0.781,28.4
2025-09-26 19:30:40,0.812,34.3
2025-09-26 19:31:00,0.906,33.5
2025-09-26 19:31:20,0.750,34.5
2025-09-26 19:31:40,0.813,42.6
2025-09-26 19:32:00,0.906,39.9
2025-09-26 19:32:20,0.812,1.94
2025-09-26 19:32:40,0.812,5.19
2025-09-26 19:33:00,1.000,1.63
2025-09-26 19:33:20,0.719,1.59
2025-09-26 19:33:40,0.937,1.31
2025-09-26 19:34:00,0.906,79.8
2025-09-26 19:34:20,0.781,35.1
2025-09-26 19:34:40,0.844,29.3
2025-09-26 19:35:00,1.03,26.0
2025-09-26 19:35:20,0.938,30.4
2025-09-26 19:35:40,0.719,31.0
2025-09-26 19:36:00,0.906,31.5
2025-09-26 19:36:20,0.781,30.5
2025-09-26 19:36:40,0.875,30.8
2025-09-26 19:37:00,1.16,31.1
2025-09-26 19:37:20,0.719,35.0
2025-09-26 19:37:40,0.969,40.1
2025-09-26 19:38:00,1.03,36.5
2025-09-26 19:38:20,0.875,39.4
2025-09-26 19:38:40,1.16,34.7
2025-09-26 19:39:00,0.875,36.0
2025-09-26 19:39:20,0.812,28.1
2025-09-26 19:39:40,0.906,32.6
2025-09-26 19:40:00,0.937,26.4
2025-09-26 19:40:20,0.875,32.0
2025-09-26 19:40:40,0.938,36.2
2025-09-26 19:41:00,0.938,39.1
2025-09-26 19:41:20,0.781,40.1
2025-09-26 19:41:40,0.875,37.5
2025-09-26 19:42:00,1.03,38.1
2025-09-26 19:42:20,0.969,33.9
2025-09-26 19:42:40,0.906,39.4
2025-09-26 19:43:00,0.812,35.3
2025-09-26 19:43:20,0.750,29.8
2025-09-26 19:43:40,0.875,30.5
2025-09-26 19:44:00,1.03,36.0
2025-09-26 19:44:20,0.781,42.1
2025-09-26 19:44:40,0.781,38.8
2025-09-26 19:45:00,1.00,45.0
2025-09-26 19:45:20,1.19,45.2
2025-09-26 19:45:40,0.969,46.7
2025-09-26 19:46:00,1.22,44.1
2025-09-26 19:46:20,0.813,49.0
2025-09-26 19:46:40,0.938,45.7
2025-09-26 19:47:00,0.938,47.5
2025-09-26 19:47:20,0.750,45.7
2025-09-26 19:47:40,0.938,34.3
2025-09-26 19:48:00,0.875,35.8
2025-09-26 19:48:20,0.812,35.0
2025-09-26 19:48:40,0.906,50.9
2025-09-26 19:49:00,1.06,45.0
2025-09-26 19:49:20,0.781,49.2
2025-09-26 19:49:40,0.750,41.8
2025-09-26 19:50:00,0.875,34.4
2025-09-26 19:50:20,0.844,34.8
2025-09-26 19:50:40,0.750,30.8
2025-09-26 19:51:00,1.03,34.1
2025-09-26 19:51:20,0.750,28.2
2025-09-26 19:51:40,0.812,31.2
2025-09-26 19:52:00,1.03,26.2
2025-09-26 19:52:20,0.906,29.4
2025-09-26 19:52:40,0.812,34.2
2025-09-26 19:53:00,0.875,44.2
2025-09-26 19:53:20,0.875,40.2
2025-09-26 19:53:40,0.844,16.1
2025-09-26 19:54:00,0.937,1.63
2025-09-26 19:54:20,0.906,1.69
2025-09-26 19:54:40,0.813,26.4
2025-09-26 19:55:00,0.875,1.63
2025-09-26 19:55:20,0.906,72.3
2025-09-26 19:55:40,0.906,39.8
2025-09-26 19:56:00,0.875,34.8
2025-09-26 19:56:20,0.750,29.9
2025-09-26 19:56:40,0.875,30.9
2025-09-26 19:57:00,0.938,30.3
2025-09-26 19:57:20,0.781,29.5
2025-09-26 19:57:40,0.844,30.1
2025-09-26 19:58:00,0.844,30.1
2025-09-26 19:58:20,0.781,30.5
2025-09-26 19:58:40,1.13,32.7
2025-09-26 19:59:00,0.844,33.6
2025-09-26 19:59:20,1.00,37.6
2025-09-26 19:59:40,0.813,38.6
2025-09-26 20:00:00,1.06,33.4
2025-09-26 20:00:20,0.906,35.8
2025-09-26 20:00:40,0.812,30.8
2025-09-26 20:01:00,0.875,29.6
2025-09-26 20:01:20,0.844,31.6
2025-09-26 20:01:40,0.812,35.4
2025-09-26 20:02:00,1.03,36.3
2025-09-26 20:02:20,1.13,40.4
2025-09-26 20:02:40,0.781,37.0
2025-09-26 20:03:00,0.969,35.7
2025-09-26 20:03:20,0.688,33.6
2025-09-26 20:03:40,0.781,34.7
2025-09-26 20:04:00,0.844,45.3
2025-09-26 20:04:20,0.781,43.2
2025-09-26 20:04:40,0.906,38.7
2025-09-26 20:05:00,0.844,31.1
2025-09-26 20:05:20,1.03,35.6
2025-09-26 20:05:40,0.781,42.4
2025-09-26 20:06:00,0.875,44.3
2025-09-26 20:06:20,0.812,42.0
2025-09-26 20:06:40,0.875,48.4
2025-09-26 20:07:00,0.906,45.7
2025-09-26 20:07:20,0.969,40.0
2025-09-26 20:07:40,1.00,46.5
2025-09-26 20:08:00,0.938,48.2
2025-09-26 20:08:20,1.00,47.3
2025-09-26 20:08:40,1.06,40.6
2025-09-26 20:09:00,1.03,36.7
2025-09-26 20:09:20,0.906,32.5
2025-09-26 20:09:40,0.969,40.5
2025-09-26 20:10:00,1.000,40.3
2025-09-26 20:10:20,0.969,45.1
2025-09-26 20:10:40,1.12,48.1
2025-09-26 20:11:00,0.937,35.8
2025-09-26 20:11:20,0.937,36.8
2025-09-26 20:11:40,0.938,31.1
2025-09-26 20:12:00,1.000,35.7
2025-09-26 20:12:20,0.938,31.4
2025-09-26 20:12:40,0.937,28.3
2025-09-26 20:13:00,0.875,31.6
2025-09-26 20:13:20,0.937,27.1
2025-09-26 20:13:40,1.19,33.7
2025-09-26 20:14:00,0.969,33.3
2025-09-26 20:14:20,0.844,36.4
2025-09-26 20:14:40,0.969,42.7
2025-09-26 20:15:00,1.000,38.9
2025-09-26 20:15:20,0.938,1.66
2025-09-26 20:15:40,0.875,4.94
2025-09-26 20:16:00,0.969,1.81
2025-09-26 20:16:20,0.844,1.91
2025-09-26 20:16:40,1.12,1.59
2025-09-26 20:17:00,0.969,97.5
2025-09-26 20:17:20,0.875,34.5
2025-09-26 20:17:40,0.906,28.7
2025-09-26 20:18:00,0.906,25.3
2025-09-26 20:18:20,0.875,30.3
2025-09-26 20:18:40,0.969,31.0
2025-09-26 20:19:00,1.03,30.8
2025-09-26 20:19:20,0.813,31.1
2025-09-26 20:19:40,1.06,30.9
2025-09-26 20:20:00,0.969,30.9
2025-09-26 20:20:20,0.906,35.3
2025-09-26 20:20:40,0.969,40.2
2025-09-26 20:21:00,0.969,34.1
2025-09-26 20:21:20,0.844,38.5
2025-09-26 20:21:40,1.000,35.1
2025-09-26 20:22:00,1.34,36.7
2025-09-26 20:22:20,1.06,28.2
2025-09-26 20:22:40,1.17,32.1
2025-09-26 20:23:00,1.06,26.3
2025-09-26 20:23:20,0.906,32.4
2025-09-26 20:23:40,0.938,36.2
2025-09-26 20:24:00,1.06,38.8
2025-09-26 20:24:20,0.906,40.4
2025-09-26 20:24:40,1.000,38.7
2025-09-26 20:25:00,0.938,37.6
2025-09-26 20:25:20,0.875,34.0
2025-09-26 20:25:40,1.03,38.6
2025-09-26 20:26:00,0.969,36.4
2025-09-26 20:26:20,0.875,29.8
2025-09-26 20:26:40,0.938,32.4
2025-09-26 20:27:00,1.25,37.3
2025-09-26 20:27:20,0.844,42.9
2025-09-26 20:27:40,1.16,38.7
2025-09-26 20:28:00,1.000,45.7
2025-09-26 20:28:20,0.937,42.9
2025-09-26 20:28:40,1.000,46.9
2025-09-26 20:29:00,1.06,44.9
2025-09-26 20:29:20,0.844,47.2
2025-09-26 20:29:40,0.812,43.8
2025-09-26 20:30:00,0.969,47.3
2025-09-26 20:30:20,0.906,46.4
2025-09-26 20:30:40,1.09,33.4
2025-09-26 20:31:00,0.875,35.9
2025-09-26 20:31:20,0.969,33.8
2025-09-26 20:31:40,0.938,47.1
2025-09-26 20:32:00,0.938,45.8
2025-09-26 20:32:20,0.812,47.8
2025-09-26 20:32:40,0.781,40.3
2025-09-26 20:33:00,0.781,34.4
2025-09-26 20:33:20,0.719,34.3
2025-09-26 20:33:40,0.969,30.3
2025-09-26 20:34:00,0.844,33.4
2025-09-26 20:34:20,0.937,28.4
2025-09-26 20:34:40,1.000,31.5
2025-09-26 20:35:00,0.875,26.9
2025-09-26 20:35:20,0.906,31.3
2025-09-26 20:35:40,1.13,33.3
2025-09-26 20:36:00,0.938,43.4
2025-09-26 20:36:20,0.844,40.0
2025-09-26 20:36:40,1.09,17.4
2025-09-26 20:37:00,0.906,1.56
2025-09-26 20:37:20,0.844,1.75
2025-09-26 20:37:40,1.03,27.4
2025-09-26 20:38:00,0.844,1.63
2025-09-26 20:38:20,0.906,73.3
2025-09-26 20:38:40,0.875,40.4
2025-09-26 20:39:00,0.875,34.6
2025-09-26 20:39:20,1.000,30.1
2025-09-26 20:39:40,0.938,33.0
2025-09-26 20:40:00,0.844,31.0
2025-09-26 20:40:20,0.875,30.8
2025-09-26 20:40:40,0.906,31.2
2025-09-26 20:41:00,0.781,31.1
2025-09-26 20:41:20,0.844,31.8
2025-09-26 20:41:40,0.938,33.5
2025-09-26 20:42:00,0.938,35.7
2025-09-26 20:42:20,0.937,38.7
2025-09-26 20:42:40,1.000,39.2
2025-09-26 20:43:00,0.844,32.9
2025-09-26 20:43:20,0.938,35.8
2025-09-26 20:43:40,0.969,31.2
2025-09-26 20:44:00,0.844,29.5
2025-09-26 20:44:20,0.875,31.9
2025-09-26 20:44:40,1.09,37.3
2025-09-26 20:45:00,0.844,36.4
2025-09-26 20:45:20,1.09,41.3
2025-09-26 20:45:40,1.09,36.6
2025-09-26 20:46:00,0.875,36.3
2025-09-26 20:46:20,0.781,34.6
2025-09-26 20:46:40,1.16,34.1
2025-09-26 20:47:00,0.906,45.4
2025-09-26 20:47:20,1.000,43.7
2025-09-26 20:47:40,0.875,39.4
2025-09-26 20:48:00,0.844,32.0
2025-09-26 20:48:20,1.000,34.9
2025-09-26 20:48:40,0.969,42.7
2025-09-26 20:49:00,0.906,43.9
2025-09-26 20:49:20,0.719,41.1
2025-09-26 20:49:40,1.06,46.9
2025-09-26 20:50:00,0.906,45.9
2025-09-26 20:50:20,0.812,40.3
2025-09-26 20:50:40,0.875,47.3
2025-09-26 20:51:00,0.844,47.5
2025-09-26 20:51:20,1.06,46.1
2025-09-26 20:51:40,1.06,41.0
2025-09-26 20:52:00,1.00,36.3
2025-09-26 20:52:20,0.906,32.9
2025-09-26 20:52:40,0.969,40.4
2025-09-26 20:53:00,0.906,38.6
2025-09-26 20:53:20,0.812,46.8
2025-09-26 20:53:40,1.03,47.7
2025-09-26 20:54:00,0.781,35.9
2025-09-26 20:54:20,0.906,37.9
2025-09-26 20:54:40,0.813,32.0
2025-09-26 20:55:00,0.969,35.4
2025-09-26 20:55:20,0.938,30.4
2025-09-26 20:55:40,0.875,28.5
2025-09-26 20:56:00,0.719,30.9
2025-09-26 20:56:20,1.06,27.8
2025-09-26 20:56:40,0.844,33.4
2025-09-26 20:57:00,0.875,35.0
2025-09-26 20:57:20,0.844,36.1
2025-09-26 20:57:40,0.844,43.0
2025-09-26 20:58:00,0.938,39.1
2025-09-26 20:58:20,0.937,1.94
2025-09-26 20:58:40,1.09,5.19
2025-09-26 20:59:00,0.875,1.59
2025-09-26 20:59:20,0.938,1.75
2025-09-26 20:59:40,1.000,1.44
2025-09-26 21:00:00,0.844,96.8
2025-09-26 21:00:20,0.875,35.4
2025-09-26 21:00:40,0.906,28.3
2025-09-26 21:01:00,0.875,24.1
2025-09-26 21:01:20,0.875,30.0
2025-09-26 21:01:40,1.31,31.5
2025-09-26 21:02:00,1.000,30.0
2025-09-26 21:02:20,0.750,30.4
2025-09-26 21:02:40,1.03,31.3
2025-09-26 21:03:00,0.781,31.1